YearMonth,Preco_Kg_Real,SPI_A001,SPI_A002,SPI_A003,SPI_A004,SPI_A008,SPI_A009,SPI_A010,SPI_A011,SPI_A012,SPI_A013,SPI_A014,SPI_A015,SPI_A016,SPI_A018,SPI_A020,SPI_A021,SPI_A023,SPI_A024,SPI_A025,SPI_A026,SPI_A027,SPI_A028,SPI_A033,SPI_A034,SPI_A035,SPI_A036,SPI_A037,SPI_A040,SPI_A041,SPI_A042,SPI_A043,SPI_A044,SPI_A045
2005-05,0.195,0.131124773,0.349302176,1.214512829,0.526893655,0.87036095,1.043500864,0.67040696,-0.754778861,-0.173071254,-0.729576886,0.553161727,-0.742118954,-0.806686145,-0.754778861,-0.68050745,-0.742118954,-0.598332162,-0.793509707,-0.806686145,-0.633024633,-0.598332162,-0.564345408,-0.598332162,-0.54204681,-0.54204681,-0.575600126,-0.633024633,-0.498231886,-0.633024633,-0.586928231,-0.633024633,-0.621377694,0.009567429
2005-06,0.175666667,0.131124773,0.349501937,1.214245485,0.526893655,0.87036095,1.043373965,0.67040696,-0.754778861,-0.173071254,-0.729576886,0.553161727,-0.742118954,-0.806686145,-0.754778861,-0.68050745,-0.742118954,-0.598332162,-0.793509707,-0.806686145,-0.633024633,-0.598332162,-0.564345408,-0.598332162,-0.54204681,-0.54204681,-0.575600126,-0.633024633,-0.498231886,-0.633024633,-0.586928231,-0.633024633,-0.621377694,0.009567429
2005-07,0.1885,0.132186087,0.374182249,1.214156363,0.527017552,0.866526383,1.041257208,0.67058094,-0.754778861,-0.173071254,-0.729576886,0.553161727,-0.742118954,-0.806686145,-0.754778861,-0.68050745,-0.742118954,-0.598332162,-0.793509707,-0.806686145,-0.633024633,-0.598332162,-0.564345408,-0.598332162,-0.54204681,-0.54204681,-0.575600126,-0.633024633,-0.498231886,-0.633024633,-0.586928231,-0.633024633,-0.621377694,0.009567429
2005-08,0.187333333,0.183621542,0.302436581,1.183541701,0.491078016,0.852785368,1.021235673,0.693463132,-0.754778861,-0.173071254,-0.729576886,0.553161727,-0.742118954,-0.806686145,-0.754778861,-0.68050745,-0.742118954,-0.598332162,-0.793509707,-0.806686145,-0.633024633,-0.598332162,-0.564345408,-0.598332162,-0.54204681,-0.54204681,-0.575600126,-0.633024633,-0.498231886,-0.633024633,-0.586928231,-0.633024633,-0.621377694,0.009567429
2005-09,0.163,0.325834365,0.245045968,1.198142013,0.364298792,0.758361345,0.947558003,0.773800579,-0.754778861,-0.173071254,-0.729576886,0.553161727,-0.742118954,-0.806686145,-0.754778861,-0.68050745,-0.742118954,-0.598332162,-0.793509707,-0.806686145,-0.633024633,-0.598332162,-0.564345408,-0.598332162,-0.54204681,-0.54204681,-0.575600126,-0.633024633,-0.498231886,-0.633024633,-0.586928231,-0.633024633,-0.621377694,0.009567429
2005-10,0.145333333,0.203247615,0.059224803,1.228899037,0.10530485,0.652263785,0.905257127,0.823447278,-0.754778861,-0.173071254,-0.729576886,0.553161727,-0.742118954,-0.806686145,-0.754778861,-0.68050745,-0.742118954,-0.598332162,-0.793509707,-0.806686145,-0.633024633,-0.598332162,-0.564345408,-0.598332162,-0.54204681,-0.54204681,-0.575600126,-0.633024633,-0.498231886,-0.633024633,-0.586928231,-0.633024633,-0.621377694,0.009567429
2005-11,0.143833333,0.171015395,0.298789142,1.300171675,-0.186674496,0.448567808,0.835248384,0.837021546,-0.754778861,-0.173071254,-0.729576886,0.553161727,-0.742118954,-0.806686145,-0.754778861,-0.68050745,-0.742118954,-0.598332162,-0.793509707,-0.806686145,-0.633024633,-0.598332162,-0.564345408,-0.598332162,-0.54204681,-0.54204681,-0.575600126,-0.633024633,-0.498231886,-0.633024633,-0.586928231,-0.633024633,-0.621377694,0.009567429
2005-12,0.138333333,0.152831443,0.595755527,1.249770185,-0.597717902,0.190915397,0.706438359,0.828916911,-0.754778861,-0.173071254,-0.729576886,0.553161727,-0.742118954,-0.806686145,-0.754778861,-0.68050745,-0.742118954,-0.598332162,-0.793509707,-0.806686145,-0.633024633,-0.598332162,-0.564345408,-0.598332162,-0.54204681,-0.54204681,-0.575600126,-0.633024633,-0.498231886,-0.633024633,-0.586928231,-0.633024633,-0.621377694,0.009567429
2006-01,0.136333333,0.254907441,0.663904535,1.023761412,-0.999171139,-0.121251555,0.53731296,0.753353168,-0.754778861,-0.173071254,-0.729576886,0.553161727,-0.742118954,-0.806686145,-0.754778861,-0.68050745,-0.742118954,-0.598332162,-0.793509707,-0.806686145,-0.633024633,-0.598332162,-0.564345408,-0.598332162,-0.54204681,-0.54204681,-0.575600126,-0.633024633,-0.498231886,-0.633024633,-0.586928231,-0.633024633,-0.621377694,0.009567429
2006-02,0.142833333,0.561128457,0.825073032,0.959150859,-1.388911606,-0.242850305,0.352369991,0.882136665,-0.754778861,-0.173071254,-0.729576886,0.553161727,-0.742118954,-0.806686145,-0.754778861,-0.68050745,-0.742118954,-0.598332162,-0.793509707,-0.806686145,-0.633024633,-0.598332162,-0.564345408,-0.598332162,-0.54204681,-0.54204681,-0.575600126,-0.633024633,-0.498231886,-0.633024633,-0.586928231,-0.633024633,-0.621377694,0.009567429
2006-03,0.140833333,0.658898312,0.986815086,0.916662694,-1.372560498,-0.447334833,0.238484984,0.88083298,-0.754778861,-0.173071254,-0.729576886,0.553161727,-0.742118954,-0.806686145,-0.754778861,-0.68050745,-0.742118954,-0.598332162,-0.793509707,-0.806686145,-0.633024633,-0.598332162,-0.564345408,-0.598332162,-0.54204681,-0.54204681,-0.575600126,-0.633024633,-0.498231886,-0.633024633,-0.586928231,-0.633024633,-0.621377694,0.009567429
2006-04,0.138,0.648506275,0.948608523,0.904196393,-1.452776475,-0.4757186,0.211608773,0.847741543,-0.754778861,-0.173071254,-0.729576886,0.553161727,-0.742118954,-0.806686145,-0.754778861,-0.68050745,-0.742118954,-0.598332162,-0.793509707,-0.806686145,-0.633024633,-0.598332162,-0.564345408,-0.598332162,-0.54204681,-0.54204681,-0.575600126,-0.633024633,-0.498231886,-0.633024633,-0.586928231,-0.633024633,-0.621377694,0.009567429
2006-05,0.148333333,0.652287945,0.948608523,0.903153779,-1.452776475,-0.499212998,0.210141075,0.847741543,-0.754778861,-0.173071254,-0.729576886,0.553161727,-0.742118954,-0.806686145,-0.754778861,-0.68050745,-0.742118954,-0.598332162,-0.793509707,-0.806686145,-0.633024633,-0.598332162,-0.564345408,-0.598332162,-0.54204681,-0.54204681,-0.575600126,-0.633024633,-0.498231886,-0.633024633,-0.586928231,-0.633024633,-0.621377694,0.009567429
2006-06,0.150166667,0.634771283,0.935107353,0.893429476,-1.483747396,-0.5475329,0.204832908,0.817469879,-0.754778861,-0.173071254,-0.729576886,0.553161727,-0.742118954,-0.806686145,-0.754778861,-0.68050745,-0.742118954,-0.598332162,-0.793509707,-0.806686145,-0.633024633,-0.598332162,-0.564345408,-0.598332162,-0.54204681,-0.54204681,-0.575600126,-0.633024633,-0.498231886,-0.633024633,-0.586928231,-0.633024633,-0.621377694,0.009567429
2006-07,0.159166667,0.662199897,0.922574011,0.893429476,-1.477925224,-0.571340588,0.17984188,0.817469879,-0.754778861,-0.173071254,-0.729576886,0.553161727,-0.742118954,-0.806686145,-0.754778861,-0.68050745,-0.742118954,-0.598332162,-0.793509707,-0.806686145,-0.633024633,-0.598332162,-0.564345408,-0.598332162,-0.54204681,-0.54204681,-0.575600126,-0.633024633,-0.498231886,-0.633024633,-0.586928231,-0.633024633,-0.621377694,0.009567429
2006-08,0.1625,0.672325534,0.899767798,0.882178104,-1.448926574,-0.575769789,0.098479285,0.791272129,-0.754778861,-0.173071254,-0.729576886,0.553161727,-0.742118954,-0.806686145,-0.754778861,-0.68050745,-0.742118954,-0.598332162,-0.793509707,-0.806686145,-0.633024633,-0.598332162,-0.564345408,-0.598332162,-0.54204681,-0.54204681,-0.575600126,-0.633024633,-0.498231886,-0.633024633,-0.586928231,-0.633024633,-0.621377694,0.009567429
2006-09,0.172166667,0.610276952,0.956012902,0.861175793,-1.409568728,-0.382430655,-0.108627937,0.847906191,-0.754778861,-0.173071254,-0.72957321,0.553161727,-0.742118954,-0.806686145,-0.754778861,-0.68050745,-0.742118954,-0.598332162,-0.793509707,-0.806686145,-0.633024633,-0.598332162,-0.564345408,-0.598332162,-0.54204681,-0.54204681,-0.575600126,-0.633024633,-0.498231886,-0.633024633,-0.586928231,-0.633024633,-0.621377694,0.009567429
2006-10,0.194333333,0.42581231,0.883511777,0.811542556,-1.229680661,-0.5229777,-0.501658825,0.85662065,-0.754778861,-0.173071254,-0.717031139,0.553161727,-0.740496243,-0.806686145,-0.754240902,-0.68050745,-0.741338713,-0.598332162,-0.793509707,-0.806686145,-0.633024633,-0.598332162,-0.564345408,-0.598332162,-0.54204681,-0.54204681,-0.575600126,-0.633024633,-0.498231886,-0.633024633,-0.586928231,-0.633024633,-0.621377694,0.009567429
2006-11,0.225666667,0.265734477,1.038954095,0.713174728,-0.795763902,-0.444640244,-0.705840816,0.895307365,-0.699046413,-0.173071254,-0.610996887,0.553161727,-0.63401188,-0.800478857,-0.74277993,-0.68050745,-0.648661615,-0.598332162,-0.779586099,-0.805915427,-0.633024633,-0.598332162,-0.564345408,-0.598332162,-0.54204681,-0.54204681,-0.575600126,-0.633024633,-0.498231886,-0.633024633,-0.586928231,-0.633024633,-0.621377694,0.009567429
2006-12,0.231166667,0.465383881,0.961220616,0.390232181,-0.514009319,-0.374134341,-0.947249906,0.893521851,-0.442665458,-0.173071254,-0.470686808,0.553161727,-0.553764619,-0.757231048,-0.671804117,-0.68050745,-0.511679499,-0.598332162,-0.779586099,-0.798930217,-0.633024633,-0.598332162,-0.564345408,-0.598332162,-0.54204681,-0.54204681,-0.575600126,-0.633024633,-0.498231886,-0.633024633,-0.586928231,-0.633024633,-0.621377694,0.009567429
2007-01,0.2385,0.559199596,1.091015433,0.241439332,-0.038432541,-0.166134785,-0.947249906,0.997563656,-0.095329568,-0.173071254,-0.254720468,0.553161727,-0.391800089,-0.756924497,-0.454490514,-0.68050745,-0.291481905,-0.598332162,-0.779586099,-0.685038061,-0.633024633,-0.598332162,-0.564345408,-0.598332162,-0.54204681,-0.54204681,-0.575600126,-0.633024633,-0.498231886,-0.633024633,-0.586928231,-0.633024633,-0.621377694,0.009567429
2007-02,0.227,0.44069258,1.189694225,0.095960116,0.069692018,0.120713267,-0.947249906,0.97324483,-0.041464086,-0.173071254,-0.093741818,0.553161727,-0.2405752,-0.751970985,-0.331228867,-0.68050745,-0.116013146,-0.598332162,-0.779586099,-0.534941231,-0.633024633,-0.598332162,-0.564345408,-0.598332162,-0.54204681,-0.54204681,-0.575600126,-0.633024633,-0.498231886,-0.633024633,-0.586928231,-0.633024633,-0.621377694,0.009567429
2007-03,0.202833333,0.502656668,1.270901091,0.080068088,0.134831725,0.176175081,-0.947249906,0.946830274,0.001140493,-0.173071254,0.002083838,0.553161727,-0.191210418,-0.699638218,-0.267254653,-0.68050745,-0.031811143,-0.598332162,-0.779586099,-0.476576682,-0.633024633,-0.598332162,-0.564345408,-0.598332162,-0.54204681,-0.54204681,-0.575600126,-0.633024633,-0.498231886,-0.633024633,-0.586928231,-0.633024633,-0.621377694,0.009567429
2007-04,0.176333333,0.511926809,1.273681321,0.072492399,0.151700986,0.218137589,-0.947249906,0.946350961,0.030211472,-0.173071254,0.02120945,0.553161727,-0.175620786,-0.685587174,-0.232988266,-0.68050745,-0.026098194,-0.598332162,-0.779586099,-0.412744436,-0.633024633,-0.598332162,-0.564345408,-0.598332162,-0.54204681,-0.54204681,-0.575600126,-0.633024633,-0.498231886,-0.633024633,-0.586928231,-0.633024633,-0.621377694,0.009567429
2007-05,0.170166667,0.493856782,1.271210105,0.074434471,0.15401812,0.218137589,-0.947249906,0.926639085,0.030211472,-0.173071254,0.02120945,0.553161727,-0.165712869,-0.684414994,-0.231534182,-0.68050745,-0.025962223,-0.59833216,-0.779586099,-0.412324841,-0.633024633,-0.598332162,-0.564345408,-0.598332162,-0.54204681,-0.54204681,-0.575600126,-0.633024633,-0.498231886,-0.633024633,-0.586928231,-0.633024633,-0.621377694,0.009567429
2007-06,0.1795,0.518501911,1.291089007,0.074963636,0.160955598,0.230646053,-0.947249906,0.926639085,0.039091781,-0.173071254,0.022956618,0.553161727,-0.143109369,-0.68379236,-0.192305363,-0.68050745,-0.00803623,-0.598113484,-0.779586099,-0.382235601,-0.633024633,-0.598332162,-0.564345408,-0.598332162,-0.54204681,-0.54204681,-0.575600126,-0.633024633,-0.498231886,-0.633024633,-0.586928231,-0.633024633,-0.621377694,0.009567429
2007-07,0.2085,0.517528427,1.273835719,0.075139977,0.16081128,0.230646053,-0.947249906,0.926478343,0.039091781,-0.173071254,0.024568818,0.553161727,-0.143109369,-0.679394132,-0.191242872,-0.68050745,-0.00803623,-0.597742887,-0.779586099,-0.381165871,-0.49295976,-0.598332162,-0.564345408,-0.598332162,-0.54204681,-0.54204681,-0.575600126,-0.633024633,-0.498231886,-0.633024633,-0.586928231,-0.633024633,-0.621377694,0.009567429
2007-08,0.2635,0.474239617,1.262857936,0.070370536,0.174051023,0.234207178,-0.947249906,0.91310936,0.039091781,-0.173071254,0.055227928,0.553161727,-0.11618198,-0.669302487,-0.191242872,-0.680507402,-0.003155192,-0.595939749,-0.779586099,-0.370432466,-0.441975927,-0.598332162,-0.564345408,-0.598332162,-0.54204681,-0.54204681,-0.575600126,-0.633024633,-0.498231886,-0.633024633,-0.586928231,-0.633024633,-0.621377694,0.009567429
2007-09,0.2675,0.588765261,1.257744827,0.019314487,0.292537372,0.290609895,-0.947249906,0.948427482,0.113224002,-0.173071254,0.173996029,0.553161727,0.030499268,-0.570879191,-0.190578766,-0.672682951,0.128186575,-0.587806809,-0.777168056,-0.2672709,-0.314139213,-0.598332162,-0.564345408,-0.598332162,-0.54204681,-0.54204681,-0.575600126,-0.633024633,-0.498231886,-0.633024633,-0.586928231,-0.633024633,-0.621377694,0.009567429
2007-10,0.283166667,0.795092438,1.319418935,0.043917445,0.398347473,0.317867501,-0.924056995,0.969121467,0.256826446,-0.173071254,0.296889674,0.553161727,0.148782153,-0.470826129,-0.190578766,-0.573074285,0.304065804,-0.51977846,-0.768245701,-0.078626392,-0.279133947,-0.598332162,-0.564345408,-0.598332162,-0.54204681,-0.54204681,-0.575600126,-0.633024633,-0.498231886,-0.633024633,-0.586928231,-0.633024633,-0.621377694,0.009567429
2007-11,0.326333333,0.873202083,1.306122217,-0.046743329,0.618740195,0.33290976,-0.924056995,0.831896472,0.359846833,-0.173071254,0.444580003,0.553161727,0.370923944,-0.292277998,-0.190578766,-0.498552817,0.554827652,-0.384410049,-0.768245701,0.084738735,-0.279133947,-0.598332162,-0.564345408,-0.598332162,-0.54204681,-0.54204681,-0.575600126,-0.633024633,-0.498231886,-0.633024633,-0.586928231,-0.633024633,-0.621377694,0.009567429
2007-12,0.334166667,1.072216399,1.372453433,0.071431891,0.849063142,0.398918671,-0.924056995,0.761480092,0.463575962,-0.173071254,0.708187338,0.553161727,0.574154253,-0.09612887,-0.190578766,-0.278307049,0.737144302,-0.160954532,-0.768245701,0.547826095,-0.231649307,-0.598332162,-0.564345408,-0.598332162,-0.54204681,-0.54204681,-0.575600126,-0.633024512,-0.498231886,-0.632891806,-0.586928231,-0.629128539,-0.621377694,0.009567429
2008-01,0.312166667,0.839078036,1.375612532,0.301450616,0.903434725,0.496402204,-0.924056995,0.636824668,0.621350742,-0.173071254,0.948624852,0.553161727,0.736690125,0.049947454,-0.18978179,0.162387009,0.943409056,0.096246263,-0.759864118,0.778972889,-0.231649307,-0.598332162,-0.564345408,-0.598332162,-0.54204681,-0.54204681,-0.575600126,-0.632918486,-0.498231886,-0.457334198,-0.586928231,-0.497753027,-0.620391105,0.009567429
2008-02,0.295166667,0.650161142,1.408405505,0.444795564,0.903434725,0.695124617,-0.924056995,0.446348958,0.69901477,-0.173071254,1.187726279,0.553161727,0.786974399,0.171991544,-0.18978179,0.347614878,1.114117509,0.236085718,-0.759864118,1.087319453,-0.231649307,-0.598332162,-0.536879039,-0.598332162,-0.54204681,-0.54204681,-0.575600126,-0.630535363,-0.498231886,-0.216839484,-0.586928231,-0.419301422,-0.562697871,0.009567429
2008-03,0.294333333,0.552925102,1.416449252,0.572143011,0.876710413,0.799193199,-0.924056995,0.438302065,0.758379725,-0.173071254,1.288887555,0.553161727,0.853110931,0.298205088,-0.189117603,0.432610354,1.195113033,0.295805998,-0.758713802,1.158430459,-0.231649307,-0.596164994,-0.482250628,-0.596541388,-0.528158755,-0.54204681,-0.575600126,-0.620353458,-0.498231886,-0.086770684,-0.586928231,-0.331196712,-0.537315557,0.009567429
2008-04,0.286166667,0.552442088,1.420167612,0.5745349,0.903541954,0.811961033,-0.924056995,0.438114678,0.758526934,-0.173071254,1.322303288,0.553161727,0.870883277,0.314970117,-0.188851917,0.437816321,1.212116286,0.318671797,-0.758713802,1.169438577,-0.231649307,-0.594633066,-0.473526669,-0.591831278,-0.523663255,-0.54204681,-0.575600126,-0.618642795,-0.498231886,-0.080825515,-0.437288794,-0.31847644,-0.505563516,0.009567429
2008-05,0.260666667,0.546883702,1.436634621,0.574912249,0.903541954,0.811961033,-0.924056995,0.438114678,0.758526934,-0.173071254,1.322303288,0.553161727,0.87153465,0.319302704,-0.188851917,0.437816321,1.212116286,0.318870909,-0.758713802,1.187920113,-0.231649307,-0.594633066,-0.473526669,-0.591800178,-0.523663255,-0.54204681,-0.574864348,-0.618642795,-0.498231886,-0.080567288,-0.432072216,-0.316483363,-0.501968198,0.009567429
2008-06,0.281,0.534776582,1.429670549,0.574912249,0.903541954,0.811961033,-0.924056995,0.436427686,0.758526934,-0.173071254,1.322303288,0.553161727,0.87153465,0.319806221,-0.188851917,0.437816321,1.212116286,0.318870909,-0.758713802,1.188496484,-0.231649307,-0.594633066,-0.473526669,-0.591800178,-0.523663255,-0.54204681,-0.574864348,-0.618642795,-0.498231886,-0.080567288,-0.431600556,-0.316483363,-0.501968198,0.009567429
2008-07,0.233,0.506318215,1.449788145,0.574912249,0.900967292,0.812100988,-0.924056995,0.436427686,0.758526934,-0.173071254,1.326275618,0.553161727,0.87153465,0.33889773,-0.188851917,0.437816321,1.212116286,0.324640698,-0.758713802,1.192721026,-0.231649307,-0.594633066,-0.473061923,-0.591800178,-0.523663255,-0.54204681,-0.574864348,-0.618602973,-0.498231886,-0.074376358,-0.419481627,-0.284743216,-0.490634752,0.009567429
2008-08,0.220333333,0.506074204,1.475377673,0.568106671,0.90418524,0.784947698,-0.924056995,0.431924527,0.77398907,-0.173071254,1.348932905,0.553161727,0.871925406,0.351712909,-0.188851917,0.449291408,1.243649932,0.352668958,-0.758713802,1.19809219,-0.231649307,-0.588457134,-0.469686008,-0.584757056,-0.497599989,-0.541558981,-0.506035286,-0.617872419,-0.496745308,-0.046673987,-0.403130291,-0.266665477,-0.486588739,0.009567429
2008-09,0.218166667,0.39890269,1.415407477,0.522125427,0.939228703,0.57657788,-0.924056995,0.307190406,0.819587094,-0.173071254,1.417377931,0.553161727,0.872185881,0.449065399,-0.187523405,0.465063996,1.320528518,0.382545324,-0.755213921,1.28583381,-0.231649307,-0.550653506,-0.401220842,-0.536595446,-0.473386052,-0.523227919,-0.387355831,-0.601185149,-0.390391191,0.041030999,-0.230547891,-0.190191324,-0.463437384,0.009567429
2008-10,0.202333333,0.513145145,1.379970879,0.516789969,1.001700254,0.492585114,-0.924056995,0.177757008,0.890869857,-0.173071254,1.450116238,0.553161727,0.883494529,0.493565351,-0.16026209,0.533937211,1.397762998,0.393686675,-0.694388244,1.373981961,-0.231649307,-0.435798874,-0.264025483,-0.436961019,-0.213311551,-0.391424528,-0.066209923,-0.549411376,-0.239474491,0.143172124,0.024865798,-0.081329234,-0.344580624,0.009567429
2008-11,0.184333333,0.716566517,1.437966757,0.515094531,0.99257978,0.353096175,-0.924056995,0.098579227,0.953438748,-0.173071254,1.320586456,0.553161727,0.930604128,0.498683482,-0.054022462,0.671209027,1.237366456,0.395735312,-0.525733148,1.429400646,-0.231649307,-0.354880238,-0.020950235,-0.21153934,-0.192125188,-0.212325703,0.161296606,-0.479711471,-0.087110132,0.363677148,0.250642558,0.073543091,-0.030666802,0.009567429
2008-12,0.221,0.480869984,1.354654327,0.508425831,0.888596427,0.197978042,-0.924056995,-0.056976605,0.930737683,-0.173071254,1.210162858,0.553161727,0.99565973,0.481953055,0.003814088,0.784769747,1.108393692,0.396320424,-0.396047164,1.440332773,-0.231649307,-0.218169339,0.162049399,-0.128352172,-0.167038734,-0.006657,0.302366785,-0.368000604,-0.011094974,0.455290173,0.498488037,0.230756111,0.136254695,0.009567429
2009-01,0.2155,0.159164702,1.191745736,0.524202766,0.62708949,0.051873571,-0.924056995,-0.044657358,0.845365067,-0.173071254,1.056638002,0.553161727,1.037357055,0.633123,-0.080627839,0.880887049,0.933365752,0.396905442,-0.210215867,1.359190152,-0.231649307,-0.118655344,0.278576177,-0.003515033,-0.163803754,0.223890029,0.502595649,-0.133448282,0.235115037,0.577707351,0.714712353,0.38777079,0.37069104,0.009567429
2009-02,0.2045,0.07343638,1.234728573,0.526018241,0.633511777,-0.246850211,-0.924056995,0.095435822,0.880991815,-0.173071254,0.939970346,0.553161727,0.986398286,0.810064406,-0.082491381,0.992574832,0.819538449,0.397490366,-0.001826711,1.387254461,-0.231649307,0.06203889,0.463572476,0.128269228,-0.033956511,0.33857135,0.633073249,0.015173885,0.314510682,0.736003641,0.886051725,0.543417973,0.605649971,0.009567429
2009-03,0.2,-0.001921082,1.21204293,0.517571875,0.640747243,-0.314677258,-0.924056995,0.113205542,0.900151129,-0.173071254,0.867344482,0.553161727,0.961729059,0.839412696,-0.006114639,1.035918124,0.762755436,0.397490366,0.117080549,1.437966325,-0.231649307,0.149474419,0.551755877,0.184497775,0.06774836,0.435726482,0.747758413,0.060478894,0.342199164,0.792790629,0.886051725,0.616172918,0.804975861,0.009567429
2009-04,0.213333333,0.039709093,1.206703839,0.521605674,0.660569553,-0.368700618,-0.924056995,0.163029268,0.908166718,-0.173071254,0.85322033,0.553161727,0.957049257,0.877985418,0.005666376,1.037918517,0.781088496,0.397490366,0.127806071,1.399387719,-0.231649307,0.184769421,0.573533489,0.208490137,0.083110621,0.45661677,0.754664725,0.071064974,0.371621101,0.797110629,0.886051725,0.638432276,0.829690297,0.009567429
2009-05,0.217333333,0.096226714,1.206703839,0.52964307,0.666908695,-0.368700618,-0.924056995,0.224933765,0.919856641,-0.173071254,0.869118503,0.553161727,0.963750496,0.882615458,0.030504754,1.043246222,0.780977688,0.397880262,0.136780799,1.419539715,-0.231649307,0.189499912,0.583293683,0.222253911,0.083110621,0.459401343,0.76331531,0.093743308,0.386348262,0.81350997,0.886051725,0.643387389,0.84792444,0.009567429
2009-06,0.164166667,0.105310438,1.186219896,0.530548006,0.661274673,-0.385282817,-0.924056995,0.231356139,0.914797707,-0.173071254,0.867970724,0.553161727,0.947667658,0.885059202,-0.00863141,1.043246222,0.766430072,0.383034694,0.141320952,1.431406793,-0.231649307,0.192620201,0.591003007,0.225598346,0.083110621,0.459401343,0.76331531,0.094548968,0.396810837,0.817703903,0.886459338,0.669968949,0.876373933,0.009567429
2009-07,0.157,0.210031216,1.182742367,0.540854317,0.675453573,-0.385282817,-0.924056995,0.244359976,0.924498854,-0.173071254,0.866718114,0.553161727,0.952488907,0.902294489,0.00262315,1.043246222,0.766652648,0.387631568,0.195586046,1.510772541,-0.253081736,0.22966284,0.591003007,0.23056453,0.212065635,0.478961271,0.775560142,0.108420845,0.423222963,0.847476298,0.886459338,0.688283306,0.890279465,0.009567429
2009-08,0.152333333,0.280386411,1.179419913,0.562160216,0.664914721,-0.390045219,-0.924056995,0.291308931,0.958923374,-0.173071254,0.842716119,0.553161727,0.941184801,0.933773409,0.039603466,1.06060488,0.777984483,0.406641823,0.27148514,1.508979636,-0.273440537,0.299143577,0.677825072,0.290960414,0.253390949,0.525937564,0.806927194,0.185280487,0.444824704,0.904660485,0.886459338,0.699054769,0.901338016,0.009567429
2009-09,0.1485,0.212376984,1.052897899,0.527184254,0.56354633,-0.468028756,-0.924056995,0.293666964,0.969845526,-0.173071254,0.7462044,0.553161727,0.831801137,0.926877701,0.157233854,1.024668241,0.736582923,0.408197206,0.321582977,1.505571214,-0.376197101,0.34072045,0.759948546,0.368990119,0.362223483,0.607668148,0.89643057,0.245429919,0.512982992,0.953215633,0.886459338,0.755038277,0.937282816,0.009567429
2009-10,0.171,-0.003014639,0.843155517,0.345335548,0.464793773,-0.507524845,-0.947249906,0.374307324,0.973908931,-0.173071254,0.639608299,0.553161727,0.737235394,0.941258049,0.326387315,0.893875486,0.583491721,0.311596689,0.41517528,1.544529477,-0.430669853,0.478965322,0.862021628,0.471934498,0.474303557,0.761235385,1.04369472,0.480790716,0.600740406,1.056086781,0.886459338,0.861671212,1.07044061,0.009567429
2009-11,0.1765,0.189649389,0.7720405,0.1724125,0.229352902,-0.5298545,-0.947249906,0.494379819,0.990985736,-0.173071254,0.500896716,0.553161727,0.54112966,0.855012674,0.518235234,0.827979861,0.33479203,0.144640378,0.566898275,1.725190835,-0.427054042,0.696523867,1.12311059,0.599287354,0.689497607,0.92023458,1.197701455,0.773239348,0.707191769,1.09831872,0.886459338,0.979944563,1.219296158,0.009567429
2009-12,0.143666667,0.168647773,0.405570685,-0.071984165,-0.072090601,-0.632610104,-0.947249906,0.351070136,1.039052983,-0.173071254,0.218805845,0.553161727,0.335583397,0.755370504,0.720488724,0.65246996,0.130568273,-0.086518905,0.781311196,1.361041705,-0.59348271,0.807919457,1.310115032,0.743629276,0.863503039,1.13040924,1.252982485,0.894181516,0.919834937,1.09704437,0.886459338,1.11055559,1.358327262,0.009567429
2010-01,0.118666667,0.489450375,0.294528861,-0.391055162,-0.153891741,-0.799992992,-0.947249906,0.327849586,0.968861147,-0.173071254,-0.083325505,0.553161727,0.149442403,0.737082473,0.950012491,0.272318127,-0.125618578,-0.338021718,0.900401987,1.416796852,-0.59348271,0.907249355,1.495688129,0.814517098,0.91368707,1.22984228,1.252982485,0.948349582,0.966255972,0.949501311,0.886459338,1.218070648,1.539990206,0.009567429
2010-02,0.135166667,0.739570527,0.163755437,-0.577695356,-0.153891741,-1.204480553,-0.947249906,0.327849586,0.939957439,-0.173071254,-0.418486533,0.553161727,0.087508755,0.747866822,1.115157515,0.082600247,-0.331147684,-0.461131888,1.002309541,1.296357609,-0.59348271,1.004507774,1.547413812,0.914962462,1.017606091,1.387767402,1.341241623,0.87354397,1.057323144,0.793060856,0.886459338,1.279172487,1.39107449,0.009567429
2010-03,0.141,0.770524445,-0.092655737,-0.942431899,-0.206480569,-1.429649648,-0.947249906,0.251339086,0.902532227,-0.173071254,-0.543388,0.553161727,0.006574272,0.675600496,1.133957793,-0.012076978,-0.434968572,-0.50629353,1.029315396,1.259230445,-0.59348271,0.978961397,1.516801219,0.934619778,0.975637491,1.416872508,1.357623662,0.777806668,1.10110148,0.70246951,0.886459338,1.261255006,1.376569033,0.009567429
2010-04,0.1385,0.770524445,-0.061648966,-0.948509654,-0.249240625,-1.454483348,-0.947249906,0.251339086,0.902396246,-0.173071254,-0.555887232,0.553161727,-0.01077022,0.670893689,1.147111536,-0.011450125,-0.451813584,-0.502557674,1.048958215,1.248432566,-0.59348271,0.985423605,1.520446856,0.939624733,0.968106481,1.416872508,1.357623662,0.764254312,1.101750932,0.698162276,0.851445786,1.275838109,1.368782164,0.009567429
2010-05,0.157666667,0.775356566,-0.085388416,-0.867586388,-0.249240625,-1.454483348,-0.947249906,0.251339086,0.902804159,-0.173071254,-0.554266344,0.553161727,-0.011630653,0.668861512,1.147313534,-0.011450125,-0.442650749,-0.501396743,1.049049711,1.230189856,-0.59348271,0.989543925,1.520446856,0.949217857,0.968106481,1.416872508,1.362657925,0.769930285,1.102214707,0.697974827,0.850196189,1.276180287,1.364662315,0.009567429
2010-06,0.142833333,0.789822529,-0.085388416,-0.867586388,-0.249240625,-1.438533167,-0.947249906,0.2525339,0.903144018,-0.173071254,-0.55322199,0.553161727,-0.010254041,0.67808999,1.147818482,-0.009883375,-0.442650749,-0.501396743,1.049049711,1.240460174,-0.59348271,0.994668205,1.520550963,0.949217857,0.968106481,1.418340463,1.362998788,0.770245495,1.102214707,0.697974827,0.850751684,1.276180287,1.364662315,0.009567429
2010-07,0.164666667,0.789822529,-0.115235671,-0.867586388,-0.250281428,-1.432163727,-0.947249906,0.2525339,0.903144018,-0.173071254,-0.558310119,0.553161727,-0.010254041,0.661832952,1.154678899,-0.009883375,-0.442139893,-0.501977875,1.05645193,1.236278705,-0.59348271,0.994668205,1.521487788,0.949217857,0.968325062,1.418340463,1.362998788,0.769930285,1.102214707,0.69347161,0.847137559,1.258414936,1.350653051,0.009567429
2010-08,0.190833333,0.770754661,-0.186663873,-0.867586388,-0.302790815,-1.428247806,-0.947249906,0.252932066,0.891895802,-0.173071254,-0.5865414,0.553161727,-0.009909955,0.662851042,1.156895711,-0.023060912,-0.482984377,-0.502195456,1.061923657,1.247104782,-0.59348271,0.975998863,1.517739021,0.936635912,0.933681918,1.42117662,1.349920589,0.764254312,1.101008685,0.67310051,0.846302385,1.250394824,1.365398309,0.009567429
2010-09,0.228666667,0.764073698,-0.267908993,-0.867586388,-0.364090317,-1.420900859,-0.947249906,0.412145532,0.867877049,-0.173071254,-0.66266249,0.553161727,0.036799089,0.641972529,1.26235298,-0.041319757,-0.505796583,-0.475841585,1.148008022,1.308168481,-0.59348271,0.908441901,1.483822954,0.899841426,0.985864022,1.42088334,1.379801982,0.773081805,1.052677169,0.606042544,0.834985126,1.297395565,1.360390922,0.009567429
2010-10,0.254166667,0.656066474,-0.331513259,-0.868013064,-0.356605461,-1.425433319,-0.947249906,0.532058501,0.900219202,-0.173071254,-0.723157014,0.553161727,0.109106393,0.724355537,1.308855194,-0.050790859,-0.46894327,-0.337825058,1.194546067,1.363817651,-0.59348271,0.937180456,1.370125143,0.932016017,0.928253357,1.388359988,1.3895837,0.815499833,0.994844261,0.522410054,0.847972303,1.336155262,1.352277651,0.009567429
2010-11,0.275,0.429288793,-0.807964029,-0.868013064,-0.399304858,-1.509216964,-0.947249906,0.444292445,0.90647137,-0.173071254,-0.723335607,0.553161727,-0.115830711,0.652750741,1.258042988,0.007314297,-0.350887133,-0.180685884,1.139754609,1.257148593,-0.59348271,1.010923631,1.184079634,0.916011103,0.981299422,1.41158234,1.415502849,0.822233093,0.927107623,0.317031536,0.764611213,1.282929385,1.161519061,0.009567429
2010-12,0.291666667,0.335984044,-0.956913616,-0.868013064,-0.15438984,-1.460015615,-0.947249906,0.675274803,1.003340184,-0.173071254,-0.723335607,0.553161727,0.086501135,0.685548752,1.224667078,0.101535536,-0.135777995,0.074364368,1.101487383,1.555372653,-0.59348271,1.053833984,1.040488657,1.010733925,1.153255207,1.314132487,1.47353806,1.007262459,0.910910628,0.219705925,0.777892902,1.181715561,1.376862586,0.009567429
2011-01,0.341166667,0.307251529,-0.881712999,-0.500616421,0.07599081,-1.178555303,-0.947249906,0.622196241,1.028643087,-0.173071254,-0.686692954,0.553161727,0.014279447,0.651822774,1.174081035,-0.023218016,-0.042023203,0.2120409,1.006579642,1.344722671,-0.59348271,1.095853509,0.944367213,1.033829699,1.252417718,1.148249521,1.460071442,0.983760908,0.746029138,0.134490688,0.801978788,1.069421898,1.366281325,0.009567429
2011-02,0.328833333,0.191744123,-0.960936105,-0.273679338,-0.013362475,-0.812466145,-0.947249906,0.652260751,1.030042754,-0.173071254,-0.555308857,0.553161727,0.088851823,0.664423923,1.157701493,-0.154066148,-0.072459065,0.386067325,1.000729958,1.171174332,-0.59348271,1.03562798,0.787086352,0.975099175,1.355795493,1.059216448,1.506444414,1.032954916,0.683937573,0.177474689,0.975091458,0.944901382,1.249545905,0.009567429
2011-03,0.3335,0.086052437,-1.020805438,-0.113383583,-0.093631225,-0.577074287,-0.947249906,0.657680588,1.000113655,-0.173071254,-0.457551911,0.553161727,0.107937689,0.5868705,1.161526554,-0.216324079,-0.086412203,0.464794575,0.992167511,1.146233352,-0.59348271,1.094118904,0.822277398,1.018622944,1.346635406,0.980177619,1.462430123,0.991095194,0.66108698,0.210026268,1.012953171,0.881495712,1.070598855,0.009567429
2011-04,0.332,0.024244855,-1.020805438,-0.125089194,-0.139990628,-0.576552389,-0.947249906,0.617599863,0.977637055,-0.173071254,-0.414636886,0.553161727,0.14217278,0.549793198,1.139022492,-0.215035276,-0.114778548,0.47701563,0.986663788,1.147590159,-0.59348271,1.112102364,0.802046537,1.001109089,1.343384287,0.964961374,1.457791635,0.981008423,0.642744167,0.226825252,1.01446573,0.861369613,1.047271103,0.009567429
2011-05,0.3115,-0.020273272,-1.020805438,-0.128809162,-0.151568769,-0.573944861,-0.947249906,0.579869176,0.970632665,-0.173071254,-0.433147553,0.553161727,0.133727735,0.549793198,1.11892527,-0.222607277,-0.114778548,0.477873302,0.98414184,1.134393072,-0.59348271,1.108347684,0.793359322,0.99214934,1.354080169,0.964961374,1.454530564,0.964162531,0.629984113,0.227971535,1.03101824,0.856841197,1.02988773,0.009567429
2011-06,0.296166667,-0.054436681,-1.020805438,-0.130880736,-0.151568769,-0.573944861,-0.947249906,0.574313789,0.970632665,-0.173071254,-0.43341059,0.553161727,0.133727735,0.546647847,1.11892527,-0.222607277,-0.114915721,0.478254421,0.989183665,1.095361238,-0.59348271,1.110075332,0.786701937,0.989984275,1.354175491,0.964961374,1.454530564,0.963702494,0.620799036,0.222694047,1.03101824,0.832751342,1.00246789,0.009567429
2011-07,0.314,-0.146064055,-1.020805438,-0.144432891,-0.171727605,-0.573944861,-0.947249906,0.563713358,0.961165536,-0.173071254,-0.431041777,0.553161727,0.128252517,0.523313414,1.120044669,-0.222607277,-0.11519007,0.47644373,0.960126396,1.012125281,-0.59348271,1.085811197,0.786701937,0.986733342,1.26885984,0.94819348,1.446028485,0.950654783,0.597156815,0.18553743,1.032889376,0.815500836,0.988931518,0.009567429
2011-08,0.332666667,-0.217725652,-0.957718206,-0.136283424,-0.172229774,-0.55345932,-0.686361667,0.517297449,0.934952286,-0.173071254,-0.385202617,0.553161727,0.129580619,0.517746483,1.104035406,-0.247415473,-0.046793217,0.458667883,0.936585462,1.06607015,-0.329768047,1.040303154,0.702433246,0.958389182,1.25044226,0.931562691,1.433623598,0.915066553,0.594165154,0.128407302,1.057281559,0.805235888,0.978102828,0.009567429
2011-09,0.3155,-0.244742235,-0.643820849,-0.05705224,-0.172229774,-0.528579294,-0.340927055,0.570365277,0.950922427,-0.172667463,-0.148507465,0.553161727,0.129082639,0.44300395,1.123095844,-0.256271075,0.000232361,0.439163436,0.962103516,1.036198893,-0.067585094,1.061836378,0.619004179,0.960709222,1.274254347,0.963492152,1.416832,0.929262761,0.615597578,0.220855647,1.086432717,0.750413436,0.946587882,0.009567429
2011-10,0.308833333,-0.230927035,-0.556501412,0.138848082,-0.172229774,-0.528579294,-0.053678304,0.484611492,0.932277439,-0.171687377,0.074001251,0.553161727,0.147461278,0.423488338,1.142765886,-0.118826253,0.140743102,0.42100343,1.026643872,1.067450331,0.130437797,0.946472707,0.646267228,0.916928318,1.288037838,0.902184323,1.3895837,0.801857938,0.574539151,0.126734718,1.163192963,0.72694324,0.972758881,0.009567429
2011-11,0.282833333,-0.512273424,-0.346121495,0.300400398,-0.012583545,-0.528579294,0.15320342,0.396420332,0.920732138,-0.148870451,0.187832215,0.553161727,0.372002579,0.474872562,1.162633067,0.13277371,0.33000338,0.43887438,1.005095062,0.881501598,0.219031035,0.743504498,0.59667367,0.93195089,1.335336493,0.844340128,1.306591287,0.859232723,0.600262996,0.17442954,1.269993023,0.68093102,0.918446132,0.009567429
2011-12,0.2895,-0.753332528,-0.101077569,0.4722463,0.114158738,-0.528579294,0.327096311,0.803813425,0.946211929,-0.07646214,0.514147616,0.553161727,0.583071382,0.557407891,1.115259397,0.393685053,0.59685713,0.438103446,0.902514134,0.905628391,0.219031035,0.630113615,0.572175956,0.911485823,1.379610321,0.613111361,1.334081873,0.918464002,0.546974226,0.330454422,1.269993023,0.614837403,0.934667135,0.009567429
2012-01,0.342,-0.890250902,0.279269962,0.530548006,0.275834581,-0.297966903,0.41811511,0.939473172,0.976395152,-0.00077495,0.668247811,0.553161727,0.707921124,0.599967171,1.0914442,0.393685053,0.812630195,0.437235944,0.880069766,0.615214781,0.219031035,0.522945115,0.528071962,0.919481718,1.373177633,0.491588262,1.334513892,0.87354397,0.629631679,0.412160972,1.269993023,0.463377885,0.898534863,0.009567429
2012-02,0.360333333,-1.038383105,0.247516679,0.48519596,0.37684345,-0.195007662,0.554451122,0.970707981,0.991764263,0.108777978,0.90418018,0.553161727,0.842343623,0.631537254,1.052269515,0.452970256,0.920423677,0.556057896,0.833793871,0.463885364,0.36140945,0.471291396,0.505903447,0.872666518,1.293493876,0.280528877,1.245953465,0.942660011,0.696337481,0.43513708,1.314781032,0.3993831,0.990222606,0.023374534
2012-03,0.348166667,-1.018335486,0.241336535,0.528349423,0.433469677,-0.072998938,0.62821189,1.016391307,0.994227526,0.162551455,1.051330205,0.553161727,0.913571024,0.721167114,1.110671907,0.545829164,0.975346696,0.648797229,0.91018234,0.479619403,0.39404768,0.505091553,0.521062908,0.874997467,1.32042759,0.239106182,1.228635192,1.012135205,0.71068361,0.43513708,1.348694337,0.400114598,1.033402222,0.028412594
2012-04,0.2775,-0.591957041,0.207768445,0.527572737,0.475568753,0.030127139,0.643561559,1.077015525,0.997205172,0.21915807,1.052903825,0.553161727,0.995534765,0.776176038,1.123400822,0.560034775,0.999309385,0.657025899,0.918976984,0.52547309,0.424129944,0.511818035,0.515556995,0.889137976,1.327362547,0.257769979,1.249741416,1.062924805,0.709895689,0.44633165,1.440009919,0.413242989,1.048862233,0.030070456
2012-05,0.2635,-0.49526269,0.205893806,0.503570303,0.487430111,0.030127139,0.646058068,1.11293541,1.00688317,0.240830967,1.051526951,0.553161727,1.046832099,0.803204121,1.123197506,0.560428373,1.011330282,0.679884478,0.922506819,0.550887253,0.444833521,0.528409012,0.540000128,0.900500692,1.330631632,0.259029925,1.249020459,1.095907631,0.709332689,0.474548135,1.457577671,0.413000532,1.087180655,0.033086166
2012-06,0.327333333,-0.512881958,0.20714368,0.503570303,0.487430111,0.018583015,0.646236158,1.112023017,1.006561348,0.242107175,1.050641497,0.553161727,1.04584906,0.79776044,1.122689167,0.55911617,1.011330282,0.686424442,0.922506819,0.538632608,0.445203386,0.522592349,0.539863227,0.900500692,1.330631632,0.2569298,1.248659883,1.095607207,0.709332689,0.474754344,1.457777595,0.413242989,1.087180655,0.033903711
2012-07,0.381166667,-0.512881958,0.2065188,0.503570303,0.487430111,0.013869396,0.646236158,1.112023017,1.006561348,0.242107175,1.050641497,0.553161727,1.04584906,0.796867281,1.115768765,0.55911617,1.010916484,0.681946437,0.914774016,0.538632608,0.445203386,0.522592349,0.537946109,0.900500692,1.330439435,0.2569298,1.248659883,1.095607207,0.709332689,0.474754344,1.45787755,0.413242989,1.087180655,0.033903711
2012-08,0.3575,-0.449667866,0.232458716,0.530160238,0.545778885,0.011115024,0.667678456,1.142757472,1.029470284,0.257364708,1.092086665,0.553161727,1.090378759,0.813801104,1.11373087,0.569989288,1.016601736,0.718839068,0.920313078,0.555912667,0.51900992,0.587757313,0.537946109,0.923274467,1.350551051,0.245289867,1.273654739,1.168181821,0.744592366,0.486888399,1.465958108,0.410210491,1.105108018,0.106304782
2012-09,0.328,-0.402688283,0.305473136,0.567601429,0.547499855,0.001446916,0.726652727,1.047227504,1.041330704,0.301091191,1.178291392,0.553161727,1.094735558,0.746237549,1.002810643,0.630408299,1.042630657,0.828931022,0.875715863,0.384833324,0.578180124,0.61567383,0.543831438,0.911223247,1.315601863,0.272026713,1.239442931,1.104463595,0.817715724,0.516746719,1.452172504,0.338742721,1.103224624,0.13389718
2012-10,0.338166667,-0.122422578,0.497668652,0.637965528,0.527636946,0.04102761,0.802148288,1.092194121,1.021054729,0.433977057,1.36626837,0.553161727,1.081281999,0.621634937,0.88051323,0.673858001,1.010606102,0.813998477,0.83281201,0.244379019,0.658920344,0.577421033,0.740661328,0.881247379,1.298745294,0.388291489,1.197146239,1.187300892,0.874400346,0.516746719,1.442629357,0.3985294,1.087023049,0.141982925
2012-11,0.3475,0.115707329,0.717846863,0.659742722,0.33767332,0.04161002,0.869575718,1.050636348,1.006110707,0.547689191,1.466839675,0.553161727,1.117987175,0.660814591,0.751768231,0.584856477,1.005946928,0.786006032,0.760965449,0.220536432,0.736559437,0.547035467,0.888397299,0.810015533,1.288037838,0.279414866,1.150497923,1.146023075,0.943977093,0.626612582,1.457677636,0.501869373,1.107147383,0.35173204
2012-12,0.3385,0.338517865,0.96054907,0.671774348,0.089280898,-0.031834,0.888026093,1.005264426,1.048400116,0.788943736,1.654881835,0.553161727,1.111499387,0.583565829,0.573192918,0.65970162,1.030207197,0.73554234,0.91123521,-0.212241941,0.868286157,0.470398155,1.047994297,0.736613946,1.254490484,0.590773386,1.115279972,1.176933727,1.055522851,0.795401555,1.433143449,0.657426006,0.727747215,0.463208352
2013-01,0.336166667,0.516311277,1.125375839,0.571512987,-0.063946959,-0.153121789,0.914647993,1.013730492,1.039306194,0.971385874,1.696390964,0.553161727,1.10837071,0.598555981,0.450124194,0.768228413,1.16618884,0.739770694,1.082538008,-0.212241941,0.963540423,0.430004068,1.047994297,0.702953841,1.1943651,0.836929988,0.999382715,1.185376911,1.196769951,0.918814507,1.406984642,0.886576382,0.520313419,0.595767302
2013-02,0.3355,0.796008329,1.12023386,0.604700474,-0.05361088,-0.216817531,0.995036607,0.907617206,1.006496977,1.139554776,1.775650711,0.553161727,1.128530419,0.520146976,0.580023292,0.871136516,1.435791655,0.830300635,1.01981637,-0.075609937,1.052217755,0.35780137,1.042753957,0.778627309,0.994862328,1.087367688,0.83227814,1.101312774,1.249955334,0.857232118,1.224486861,1.033350601,0.518519956,0.696273529
2013-03,0.312333333,0.843612258,1.107670553,0.616394064,0.047659204,-0.325045918,1.056255876,0.958153815,0.996299418,1.254668004,1.777070866,0.553161727,1.132474778,0.563204211,0.548242885,0.973783615,1.449468649,0.882589195,1.061559176,-0.06864688,1.083822681,0.26908842,0.973906574,0.740194173,0.982930506,1.123330428,0.809686611,1.23343875,1.305981071,0.822335537,1.227629088,1.082070591,0.673362107,0.753107797
2013-04,0.249666667,0.919800185,1.124733479,0.616762004,0.082122848,-0.306877538,1.063609382,0.974354093,0.99765789,1.273817341,1.778175032,0.553161727,1.105841356,0.548935624,0.54028695,0.989865529,1.479732491,0.904989848,1.073110561,-0.002408409,1.102081504,0.220540663,0.984465679,0.759900639,0.975419491,1.13704446,0.810146066,1.250300917,1.321667391,0.809845477,1.240703625,1.109280036,0.770102592,0.776335858
2013-05,0.237166667,0.942703687,1.181635207,0.613447623,0.099383157,-0.220328376,1.063609382,0.991894607,0.999403097,1.298476213,1.783375681,0.553161727,1.122903896,0.629110734,0.548124258,1.002712316,1.479732491,0.906661486,1.0780998,0.01828857,1.103657407,0.221293532,1.001873289,0.761292508,0.963183798,1.153677539,0.806351734,1.302341812,1.338916844,0.803665816,1.24726318,1.126628312,0.830025569,0.807726572
2013-06,0.206833333,0.946916354,1.187799533,0.613570495,0.103825864,-0.195441634,1.063609382,0.992052211,0.999403097,1.298476213,1.783375681,0.553161727,1.123622753,0.632656672,0.548361508,1.002712316,1.480003144,0.906410796,1.087783209,0.028519353,1.103903473,0.216304033,1.005007141,0.761988159,0.964278491,1.153677539,0.809686611,1.302486938,1.339083686,0.80814541,1.255901036,1.140261873,0.838900734,0.822100281
2013-07,0.199833333,0.931599526,1.189852073,0.611849461,0.103825864,-0.195441634,1.063609382,0.991106477,0.999403097,1.298605721,1.782351924,0.553161727,1.123023717,0.631443955,0.536005456,1.002712316,1.480273776,0.897959392,1.075470111,0.023171633,1.103903473,0.209613626,1.006091284,0.761849044,0.964278491,1.153783877,0.809686611,1.302341812,1.339083686,0.806802405,1.254353492,1.140261873,0.838900734,0.822100281
2013-08,0.193666667,0.943147305,1.165624169,0.605317976,0.103825864,-0.140823099,1.084899713,0.995832468,0.99662295,1.319547869,1.781012711,0.553161727,1.114384552,0.599779042,0.565878178,1.034694988,1.437983568,0.898126964,1.071657638,0.027356845,1.115027382,0.241678784,1.029379417,0.75544156,0.978143245,1.147503764,0.81198261,1.283444685,1.346828626,0.823581002,1.237024946,1.196828977,0.873056341,0.835668672
2013-09,0.184833333,0.927595551,1.046998708,0.666662348,0.289397477,-0.032838441,1.084243262,0.910364428,0.970632665,1.281745465,1.716918708,0.553161727,1.271778131,0.657479881,0.60582252,1.120295431,1.453197753,0.972409591,1.153763643,0.07034646,1.130698452,0.248707737,1.152688395,0.736824687,0.941749432,1.139395513,0.820564352,1.257324847,1.320406319,0.780508338,1.241816988,1.239056611,0.940550115,0.933409308
2013-10,0.210166667,0.993007074,1.149704245,0.742706283,0.379213005,0.186739763,1.081860975,0.888484714,0.985266913,1.35069003,1.624260851,0.553161727,1.393835288,0.667013142,0.560323962,1.127308861,1.453834033,0.981319448,1.083442986,-0.109913491,1.144758787,0.41898641,1.204738235,0.799206932,0.927366037,1.184786493,0.773799749,1.165360711,1.35761184,0.808592912,1.23378634,1.254968377,0.865582245,0.994491993
2013-11,0.2425,1.122658511,0.958701682,0.830842769,0.338877833,0.455853124,1.064317541,0.946670511,0.998692277,1.329732817,1.575253851,0.553161727,1.373227515,0.646250264,0.550377553,1.137314664,1.484961435,0.965690337,1.166829443,-0.054945658,1.187254367,0.56007429,1.243443831,0.849106431,0.805189829,1.191833015,0.827966137,1.036898451,1.346828626,0.84650737,1.263400142,1.336824466,0.851928856,1.065234728
2013-12,0.259666667,1.161783751,0.779816298,0.824867508,0.224162242,0.751348812,1.047681749,0.534784378,0.845785779,1.269393748,1.395811296,0.553161727,1.369908972,0.625561534,0.543138691,1.01774085,1.290078562,0.970116802,1.200129958,0.219847745,1.258628708,0.699135626,1.249516446,0.795159119,0.577601997,1.254655097,0.850200814,0.967228632,1.333822384,0.811991221,1.274156989,1.363293138,0.943162113,1.254172004
2014-01,0.272333333,1.272522352,0.616709713,0.83906732,0.126643456,0.812520808,1.020159848,0.380232438,0.755506696,1.329217558,1.294086068,0.553161727,1.421070221,0.595543729,0.473882584,1.01774085,1.140502161,0.970116802,1.25354778,0.533591729,1.334570508,0.872250193,1.263309491,0.89118958,0.52946194,1.371924678,0.975455284,0.97090607,1.329805735,0.885487235,1.274156989,1.48815632,0.952128402,1.417389946
2014-02,0.299333333,1.26610264,0.840900181,0.841225521,0.104269661,1.027758785,0.947649107,0.32862645,0.69581335,1.362868689,1.224722864,0.553161727,1.390868072,0.666828256,0.531361911,0.969123631,1.023617492,0.865028888,1.324074723,0.599853837,1.358497243,1.01632558,1.166521394,0.909581546,0.513999899,1.499407999,1.043393488,1.091399742,1.265082783,0.984315231,1.228413839,1.509692449,1.018044202,1.509049228
2014-03,0.3415,1.177217917,0.910167519,0.806272892,0.084809753,0.973026636,0.902945349,0.271785264,0.674703094,1.438041137,1.165509625,0.553161727,1.383382797,0.627896901,0.538860303,0.889201719,0.966342549,0.77783879,1.295356827,0.585318253,1.39773458,1.035091089,1.098915233,0.897070686,0.477840859,1.534056538,1.078404847,1.048563034,1.27548358,1.104522099,1.192319017,1.513462113,1.143838279,1.557352687
2014-04,0.336166667,0.922697129,0.989814471,0.817015476,0.036561874,0.90745721,0.906199456,0.217692337,0.671378576,1.407383222,1.171954289,0.553161727,1.307314617,0.623879195,0.604536651,0.871607181,0.937703927,0.745311995,1.303467697,0.577492082,1.412100679,1.028488356,1.088225468,0.887482276,0.468529336,1.524221311,1.073373207,1.02384513,1.289419814,1.104760391,1.098370853,1.520046979,1.13574782,1.605010518
2014-05,0.2765,0.888487543,1.010244913,0.817124766,0.035189928,0.908806174,0.904219726,0.169992942,0.65926283,1.394282686,1.171954289,0.553161727,1.26400404,0.59883826,0.604653566,0.87125419,0.931141581,0.72706895,1.300766357,0.572921661,1.404433578,1.009919505,1.06722095,0.866195482,0.489468808,1.523652994,1.0787004,0.988498579,1.2955487,1.090742924,1.080008986,1.528022391,1.113259378,1.604548998
2014-06,0.209,0.941372582,1.01934386,0.817671114,0.035189928,0.908806174,0.904078195,0.177961058,0.65926283,1.393009139,1.171954289,0.553161727,1.26400404,0.599496831,0.606290003,0.87125419,0.93474188,0.721584694,1.300766357,0.585752713,1.404633712,1.010614699,1.06722095,0.867130445,0.489468808,1.524126598,1.086466405,1.013200627,1.362324179,1.152525406,1.079158852,1.535040978,1.123894361,1.611093882
2014-07,0.208666667,0.941372582,1.020500296,0.817671114,0.040824827,0.911771472,0.90440841,0.177961058,0.65926283,1.393009139,1.186689813,0.553161727,1.264347423,0.60466744,0.612245424,0.87125419,0.93474188,0.726538622,1.300766357,0.586404338,1.408671021,1.023720598,1.06722095,0.868532256,0.489468808,1.524789529,1.086466405,1.013200627,1.362406767,1.152525406,1.079037372,1.535040978,1.130761087,1.614956732
2014-08,0.204166667,0.919131404,1.024462465,0.795244619,0.038694356,0.983013225,0.908034915,0.198094374,0.627477514,1.377831516,1.170344351,0.553161727,1.266521308,0.597991361,0.678525537,0.861470873,0.964454894,0.722381375,1.290785407,0.58510101,1.394394567,0.991330499,1.06722095,0.869666501,0.465637694,1.523463533,1.105012532,1.026123795,1.345913903,1.195362601,1.089696401,1.596072491,1.174035245,1.61100183
2014-09,0.2235,0.995639724,0.979639936,0.76253463,-0.069212963,1.013012153,0.882035448,0.239764972,0.589643721,1.334754149,1.089560917,0.553161727,1.230745901,0.684536688,0.721735871,0.805794304,0.93844403,0.589873559,1.266037209,0.637851318,1.398739228,0.965141111,1.023871472,0.906689639,0.419625661,1.448239234,1.075249339,1.08568505,1.299540662,1.199577174,1.062684087,1.611433558,1.234525189,1.660183146
2014-10,0.263,1.209615555,0.991146743,0.763323153,-0.229903193,1.112605763,0.85762248,0.162824212,0.491356669,1.327542648,0.970913227,0.553161727,1.160062319,0.799456859,0.837911156,0.708321706,0.938549745,0.55410187,1.22167468,0.601153636,1.407233155,0.902554802,0.842268086,0.922882369,0.259330575,1.25238868,0.987510905,0.985900927,1.312572229,1.292181967,1.056666598,1.554524174,1.212730088,1.744191252
2014-11,0.274333333,1.235335634,0.833951788,0.918939224,0.054321806,1.177512041,0.861929702,0.33870777,0.476438429,1.395810557,1.001950613,0.553161727,1.076419237,0.843208503,0.947347205,0.75294003,0.879358093,0.555685408,1.178788079,0.502591381,1.436924965,0.905260892,0.69258339,0.963477696,0.186286641,1.170963118,0.886911504,1.248104225,1.422176107,1.332390851,1.086311726,1.490847456,1.199259396,1.709673825
2014-12,0.273833333,1.205840082,0.67755858,1.011779173,0.054624186,1.201000741,0.895128436,0.088088522,0.273759372,1.240690538,0.782255594,0.553161727,0.79660881,0.862568915,1.048640202,0.571035122,0.730851501,0.434632159,1.042638422,0.407936008,1.426299073,0.939702789,0.516107927,0.953032373,-0.029837281,0.863547288,0.754427068,0.956644567,1.326620933,1.273858937,0.987932227,1.420591746,1.349471116,1.655943724
2015-01,0.269166667,1.089018398,0.39139266,1.07479267,-0.080906582,1.207658872,0.928462684,-0.081320199,0.270268748,1.205012839,0.682801005,0.553161727,0.679980926,0.893599741,1.221599916,0.615133322,0.494006845,0.384013237,0.923460128,0.407936008,1.420286071,0.991563465,0.516107927,0.950770194,-0.091877369,0.61955527,0.754427068,0.7058405,1.230092948,1.219637161,0.936903548,1.261771058,1.519491646,1.583124461
2015-02,0.279,1.00549904,0.203809661,1.038199391,-0.119302341,1.285662319,0.889316185,-0.22176491,0.346536261,1.147524954,0.422373614,0.553161727,0.529893152,0.988484724,1.137908857,0.609980472,0.13506377,0.229679914,0.870579918,0.232924068,1.390199497,1.044360185,0.516107927,0.923013074,-0.091877369,0.327445871,0.754427068,0.591194188,1.176426033,1.213323018,0.907383948,1.152480322,1.496610164,1.521343339
2015-03,0.2775,1.127780045,0.161223127,0.994958586,-0.228700292,1.327368309,0.881170341,-0.342062235,0.432160967,1.068331289,0.32318972,0.553161727,0.496222775,1.03025654,1.125331764,0.596798481,0.11519874,0.219492562,0.761367678,0.184199587,1.425351147,1.109624722,0.468591596,0.93182063,-0.163803754,0.280528877,0.732651837,0.445684607,1.117003096,1.234940984,0.92353782,1.111466315,1.417606868,1.489313025
2015-04,0.265666667,1.106618098,0.15149844,1.029041654,-0.268401731,1.340907808,0.889268428,-0.319225408,0.464805496,1.048558169,0.279703313,0.553161727,0.491043021,1.052511766,1.17698757,0.59148266,0.07067787,0.232528111,0.747560726,0.262904103,1.440999322,1.147648952,0.456311983,0.921117199,-0.163803754,0.259589778,0.732049416,0.48208942,1.094503077,1.267225649,0.913543492,1.084280029,1.377302874,1.495523829
2015-05,0.260666667,1.075020873,0.075499958,1.026794403,-0.288792999,1.294825838,0.889268428,-0.36797237,0.457060961,1.045594236,0.269879676,0.553161727,0.466801417,0.974967162,1.170971511,0.577432535,0.07067787,0.229883419,0.73734126,0.252388609,1.440842806,1.147054469,0.435578916,0.922490212,-0.163803754,0.234744085,0.732049416,0.418982508,1.077026486,1.262370613,0.888088783,1.066643777,1.367017026,1.473708641
2015-06,0.263333333,1.100401267,0.088033054,1.026696638,-0.294097976,1.281423193,0.889268428,-0.343268535,0.457502017,1.074775893,0.269879676,0.553161727,0.466204061,0.971388285,1.173579676,0.57821491,0.070276246,0.231002524,0.717206,0.245981528,1.440647139,1.154552512,0.431223387,0.921509562,-0.16519023,0.236573894,0.733254031,0.458370612,1.085268523,1.268792301,0.877058643,1.052707823,1.361569686,1.463604033
2015-07,0.268333333,1.100401267,0.085227914,1.026501093,-0.294097976,1.284838531,0.88955494,-0.332668067,0.457502017,1.0849677,0.269248998,0.553161727,0.466204061,0.97104726,1.194877356,0.58706691,0.07000848,0.233239867,0.736023364,0.245981528,1.440764542,1.158332632,0.453655976,0.929083682,-0.16519023,0.236433167,0.733976363,0.461296785,1.085268523,1.280030149,0.876922006,1.057547547,1.364220655,1.463604033
2015-08,0.285333333,1.098041029,0.1078191,1.010892313,-0.294097976,1.253953859,0.875145447,-0.216887622,0.451050236,1.088986657,0.227752672,0.553161727,0.466204061,0.961742308,1.162733643,0.550967087,0.051232169,0.221124129,0.701554296,0.170136806,1.419731107,1.139466047,0.435578916,0.937935819,-0.170735236,0.217110172,0.730120139,0.487283079,1.102956539,1.275942393,0.871310056,1.040006591,1.359654021,1.453847401
2015-09,0.306166667,1.025373822,0.216918508,0.910855403,-0.538648139,1.231499824,0.864613822,-0.239712693,0.407401536,1.068331289,0.109456294,0.553161727,0.277048956,0.888808986,1.07139363,0.501447284,-0.025554327,0.166352392,0.593166482,0.081721795,1.37428597,1.135218366,0.285829318,0.922294111,-0.210551841,0.096609713,0.681978595,0.484361875,1.065735854,1.227830483,0.832178481,1.032317835,1.404799629,1.421504875
2015-10,0.307833333,0.98092183,0.146837659,0.724609909,-0.675639408,1.182030217,0.804870496,-0.260348889,0.396614784,1.15972684,0.043604402,0.553161727,0.117276778,0.920574225,1.001549823,0.486141201,-0.138799222,0.207645738,0.574075271,0.083114284,1.330672097,1.035167793,0.115356001,0.860377777,-0.286052155,-0.068782815,0.64789599,0.571067011,0.986828243,1.256158146,0.749144209,1.123276701,1.399548663,1.402874355
2015-11,0.314666667,0.857414251,0.072467816,0.502123918,-0.82480426,1.084065776,0.738908069,-0.291316069,0.318878388,1.109980729,0.051890924,0.553161727,-0.000458178,0.935064937,0.996081261,0.31797586,-0.262033914,0.238015759,0.444677337,0.008056603,1.293106608,0.970613195,-0.052998245,0.711481594,-0.324184307,-0.202881029,0.52417391,0.494096893,0.886266881,1.291294685,0.557710461,1.079859253,1.348880019,1.346081921
2015-12,0.346166667,1.066602461,0.072467816,0.498040672,-0.82480426,1.023756661,0.656807042,-0.004092521,0.523320908,1.312575594,0.017578674,0.553161727,-0.109511225,0.949585317,1.018325217,0.632583781,-0.065216335,0.232528111,0.509627015,0.006893836,1.296845566,0.968816155,-0.01333954,0.771707465,-0.267235508,-0.28777779,0.413729457,0.542826534,0.737059412,1.357472098,0.541094771,1.091722921,1.195424341,1.16616337
2016-01,0.400833333,0.723782238,-0.104041438,0.491432653,-0.929605904,0.893251283,0.640939653,0.064668736,0.568876431,1.209352506,-0.011564323,0.553161727,-0.316254993,1.027990107,0.955443681,0.703958482,-0.032763712,0.242684886,0.437636012,0.01828857,1.247264678,0.825778296,-0.119998862,0.677197718,-0.267235508,-0.432893682,0.231861133,0.45625694,0.610381466,1.320859489,0.542288174,0.966197957,1.018044202,0.979604897
2016-02,0.4555,0.704670653,-0.276039113,0.488781736,-1.07290723,0.769769064,0.697883606,0.10213782,0.685405815,1.124384612,-0.018198682,0.553161727,-0.442619152,0.913913792,0.792921771,0.886861988,0.213280593,0.242684886,0.376613746,0.036423724,1.224265841,0.727075109,-0.126626317,0.751393791,-0.045565832,-0.449289643,0.116188685,0.357973392,0.518235073,1.275868012,0.558889798,0.924990476,0.80885212,0.852510067
2016-03,0.5035,0.793260111,-0.283467649,0.487321842,-1.147635081,0.759647264,0.723567267,0.114664303,0.691306047,1.000178972,-0.102524842,0.553161727,-0.526017999,0.863885302,0.700477778,0.90587565,0.276547263,0.242684886,0.302011772,-0.003338632,1.181734147,0.656529483,-0.125448824,0.758438361,-0.00078146,-0.459744971,0.059746072,0.288545207,0.452355561,1.178590243,0.564100739,0.904721773,0.61357395,0.780151585
2016-04,0.576166667,0.760844922,-0.395718206,0.474255776,-1.150108037,0.760361384,0.708398577,0.090189566,0.691076547,1.009392212,-0.112417479,0.553161727,-0.525376671,0.842767328,0.606523723,0.90634067,0.279997651,0.242684886,0.273018358,-0.041701463,1.166498643,0.647830138,-0.118967056,0.737807913,0.009524877,-0.45885847,0.02315135,0.271229337,0.440003688,1.179284822,0.551121685,0.872103914,0.575241365,0.705469791
2016-05,0.5425,0.723782238,-0.402148388,0.474523513,-1.171152802,0.767491597,0.720749654,0.093128586,0.691076547,1.01440066,-0.100053598,0.553161727,-0.530654108,0.840913824,0.606757428,0.918404938,0.288801609,0.248564746,0.278908586,-0.014733483,1.175445193,0.664273682,-0.11837735,0.739141686,-0.019932252,-0.459154363,0.001138007,0.27253604,0.438829012,1.176814364,0.546881769,0.873204799,0.563699913,0.704582181
2016-06,0.489,0.667147789,-0.417276005,0.473854086,-1.171152802,0.767491597,0.720749654,0.084934225,0.691076547,1.01440066,-0.100053598,0.553161727,-0.530654108,0.837822611,0.60512119,0.918520696,0.28446589,0.247450228,0.278908586,-0.028684327,1.175071622,0.663508485,-0.11837735,0.738158974,-0.019932252,-0.459646645,-0.015566118,0.246082841,0.331538515,1.115460615,0.546881769,0.863982246,0.551774934,0.693593504
2016-07,0.500666667,0.723317051,-0.395965325,0.473854086,-1.138491512,0.764356758,0.72731276,0.084934225,0.696194783,1.045863735,-0.121083116,0.553161727,-0.523450018,0.864323995,0.622616127,0.918520696,0.352632939,0.286281178,0.278908586,-0.029381779,1.170346636,0.649025358,-0.116017791,0.736684195,0.013157322,-0.460039683,-0.013011879,0.279560048,0.359912459,1.12233273,0.546881769,0.92028239,0.546604472,0.68881763
2016-08,0.473666667,0.713304068,-0.406854046,0.473854086,-1.114329918,0.717880948,0.702732184,0.020290809,0.697109879,1.050712995,-0.112967419,0.553161727,-0.55993179,0.887414157,0.598452171,0.931686798,0.374254434,0.270591319,0.278908586,-0.061913486,1.15947905,0.604980681,-0.111590527,0.710984926,0.053077719,-0.465371952,-0.117842291,0.194395776,0.348261402,1.088665623,0.512663167,0.862676275,0.456084879,0.652062533
2016-09,0.474333333,0.805614197,-0.417276005,0.473854086,-0.918636023,0.758218425,0.674459428,-0.079543233,0.697109879,1.119586777,-0.02321379,0.553161727,-0.490131479,0.839412696,0.67060515,1.030242902,0.320534375,0.300509851,0.2826727,-0.121711554,1.139593028,0.57481089,-0.05597541,0.694254567,0.061616965,-0.43860466,-0.117842291,0.209545447,0.402818466,1.088106061,0.512663167,0.824906702,0.359078196,0.547959311
2016-10,0.462166667,0.62170824,-0.695015401,0.394748187,-0.651934319,0.77275516,0.645107731,-0.28064501,0.697109879,0.994075958,-0.063086333,0.553161727,-0.228488993,0.806145778,0.641768631,1.156265233,0.172968801,0.256964776,0.329933872,-0.066789621,1.178197188,0.482975066,0.080385481,0.620994762,0.061616965,-0.304119325,-0.117842291,0.146127153,0.446905392,1.096167884,0.36539211,0.877803197,0.266399084,0.376185698
2016-11,0.434,0.667383269,-0.470802789,0.394184417,-0.617971243,0.755215251,0.712141063,-0.42755704,0.653954474,0.807904024,-0.164109616,0.553161727,-0.110388546,0.811132414,0.712883493,1.188428491,0.179124535,0.418290788,0.341034207,0.238653386,1.156500258,0.385583673,0.192443111,0.602621998,0.061616965,-0.058083863,-0.117842291,-0.159493324,0.244058141,1.104680963,0.206419306,0.93662444,0.166656058,0.25571862
2016-12,0.417666667,0.665734654,-0.435455643,0.443430782,-0.331421242,1.012233788,0.738908069,-0.286094721,0.643602302,0.733874166,-0.098818271,0.553161727,0.03084005,0.823392703,0.673132293,1.276445265,0.307491996,0.532228697,0.311462906,0.407040346,1.127414374,0.384125669,0.192443111,0.654735137,0.061616965,0.131813389,-0.117842291,0.050552874,0.24829318,1.15805504,0.128522906,1.027335897,-0.022002431,0.253451772
2017-01,0.404166667,0.828632413,-0.269103464,0.568864241,-0.061875896,1.197847808,0.734383021,-0.15803065,0.642815457,0.586985091,-0.101151831,0.553161727,0.216288317,0.760605205,0.537552089,1.285148239,0.496898543,0.604405403,0.239476951,0.66446004,1.130601975,0.359267792,0.192443111,0.701173624,0.061616965,0.314217481,-0.117842291,0.284297564,0.186949424,1.127612545,-0.095109615,1.139090929,-0.238285748,0.252832749
2017-02,0.3815,0.856736425,0.020945164,0.619580192,0.186359249,1.169802218,0.68165604,-0.01798958,0.610554541,0.474165863,-0.040870847,0.553161727,0.48837565,0.724810808,0.409687298,1.261438011,0.603637114,0.585999905,0.245071326,0.809644195,1.118828463,0.433700401,0.192443111,0.736613946,0.061616965,0.42222012,-0.117842291,0.426964424,0.186949424,1.036336574,-0.275364221,1.114287529,-0.299023801,0.252832749
2017-03,0.343333333,0.764995788,0.152133506,0.668566277,0.257213415,1.07887937,0.606843543,-0.01798958,0.599445667,0.435617507,0.056695415,0.553161727,0.48837565,0.683432313,0.321504003,1.264733648,0.66543419,0.582491268,0.254571765,0.753373849,1.098084132,0.364305082,0.192443111,0.691109811,0.061616965,0.532427619,-0.117842291,0.488094419,0.186949424,1.022098854,-0.464724513,1.107912673,-0.353314044,0.241005854
2017-04,0.279,0.757613874,0.200472372,0.647625367,0.271433937,1.05369409,0.585324877,-0.015379054,0.575527579,0.450952215,0.097055097,0.553161727,0.496222775,0.678274333,0.249408554,1.252253072,0.66543419,0.573425536,0.279850027,0.596169379,1.075050246,0.318682291,0.211410069,0.706084001,0.061616965,0.542526523,-0.117842291,0.442430288,0.200359976,1.000424355,-0.492845572,1.107912673,-0.398168562,0.192587048
2017-05,0.242166667,0.756459376,0.201098363,0.647023242,0.275010084,1.05369409,0.585324877,-0.015161611,0.575199759,0.428239569,0.099696803,0.553161727,0.491191139,0.678458667,0.248645137,1.251529474,0.66543419,0.577313877,0.282437572,0.577927162,1.073641189,0.321546443,0.211703707,0.702313106,0.061616965,0.542526523,-0.117842291,0.445684607,0.198107299,0.995702022,-0.492845572,1.107912673,-0.439737071,0.20128127
2017-06,0.219666667,0.72308444,0.180799407,0.647023242,0.275010084,1.05369409,0.585324877,-0.037859037,0.574789891,0.398705168,0.099696803,0.553161727,0.490746764,0.678458667,0.245080953,1.250909109,0.66543419,0.576110829,0.282437572,0.572921661,1.073641189,0.311931097,0.211703707,0.702313106,0.061317638,0.540845535,-0.127071056,0.405781363,0.184527075,0.984315231,-0.492845572,1.107365526,-0.441972377,0.20128127
2017-07,0.205833333,0.749526282,0.189394161,0.651834259,0.285569376,1.049985824,0.58519876,0.013620987,0.574789891,0.413516581,0.099828843,0.553161727,0.507144781,0.67855083,0.218523775,1.243869378,0.66531951,0.582121722,0.26640855,0.57379251,1.073490128,0.309709519,0.188908578,0.693683082,0.061317638,0.540845535,-0.12849863,0.404314095,0.26021088,0.989474808,-0.492845572,1.102618726,-0.4436416,0.239753579
2017-08,0.219,0.734004405,0.15826638,0.653754848,0.339814259,1.040628878,0.56242317,-0.104290764,0.575855334,0.396942081,0.099828843,0.553161727,0.507144781,0.697122354,0.215834735,1.242417979,0.661647683,0.600456858,0.289483964,0.57379251,1.073490128,0.317295811,0.179327102,0.67956959,0.032182341,0.543431313,-0.15431722,0.364341009,0.213514937,0.963905431,-0.492845572,1.067199642,-0.462510457,0.250560079
2017-09,0.242,0.726339921,0.009266904,0.760505385,0.424316723,0.990086483,0.575311518,-0.151432516,0.589968682,0.388002801,0.168680657,0.553161735,0.514942808,0.741980022,0.299023089,1.269978658,0.680994644,0.618873538,0.353015614,0.551980118,1.076608506,0.311098121,0.205093696,0.688533932,-0.033651288,0.597643645,-0.191481227,0.334618109,0.264116664,0.943834693,-0.492845572,1.081149431,-0.509787066,0.259418235
2017-10,0.2675,0.674912202,-0.152502483,0.885655426,0.649143205,0.915540683,0.642608913,0.092708901,0.63342372,0.351522658,0.327036407,0.553731692,0.619466785,0.667290454,0.361786914,1.333429853,0.837346304,0.684544432,0.413709657,0.518662088,1.05768336,0.326347069,0.160866618,0.729720163,-0.087573477,0.743932038,-0.108932746,0.495394387,0.371756783,0.962141,-0.492845572,1.03081488,-0.479849512,0.398716185
2017-11,0.278833333,0.640933483,-0.152502483,0.927194378,0.816370516,0.808039203,0.754305807,0.221516352,0.706916646,0.363326495,0.400497802,0.557971533,0.659480609,0.668029856,0.409932813,1.396676017,0.941508427,0.82233154,0.476661967,0.356687913,1.02259786,0.423956868,0.011593252,0.796806457,-0.220358106,0.949783528,0.190620979,0.752731996,0.551393145,0.859862126,-0.492845572,0.947913233,-0.461846968,0.579468728
2017-12,0.274166667,0.250259226,-0.152502483,0.823670092,1.028371701,0.592819218,0.866708115,0.160362458,0.594997426,0.201388949,0.454850664,0.590872953,0.815253074,0.703994742,0.349852643,1.162022786,0.967914783,0.958463661,0.377298407,0.072204047,0.931976688,0.40068249,-0.250238469,0.765741408,-0.288599243,1.01617231,0.25636508,0.723456497,0.686332872,0.737479046,-0.492845572,0.810784312,-0.384247042,0.579468728
2018-01,0.284833333,0.514606713,-0.168263967,0.813952683,1.185366932,0.530485409,0.943085773,0.440924286,0.628192171,0.229641589,0.621572848,0.67931553,0.964255642,0.639180137,0.448056986,1.151138034,1.024132779,1.201180902,0.337222867,-0.261196674,0.895719438,0.530874127,-0.358015923,0.81955496,-0.288599243,1.195088007,0.429334075,0.759836799,0.813878436,0.716088773,-0.496636894,0.672034952,-0.415915245,0.658478286
2018-02,0.330666667,0.358232514,-0.374278758,0.813952683,1.382078956,0.414433836,0.944228164,0.553076923,0.544421886,0.224833274,0.466870548,0.727797264,1.071183066,0.664146403,0.545869668,0.984665633,1.066119717,1.357596272,0.33918686,-0.284530808,0.81646717,0.621353145,-0.347880202,0.761222933,-0.444724816,1.141638053,0.575091015,0.70742906,0.879361862,0.675940339,-0.50768802,0.610045644,-0.306301183,0.658173382
2018-03,0.376666667,0.316679891,-0.466776415,0.814937719,1.439551423,0.499895863,0.985786968,0.592734202,0.602350798,0.220039519,0.429232005,0.761282409,1.071548674,0.736084046,0.634235173,0.966164637,1.065305452,1.448828839,0.398675181,-0.250597352,0.793829371,0.669625682,-0.228268466,0.795502402,-0.446554795,1.151869245,0.602987001,0.791492262,0.876365747,0.688771644,-0.52556625,0.606585127,-0.273130659,0.658020908
2018-04,0.375166667,0.343834216,-0.455222419,0.819636605,1.485629514,0.504968469,0.993148023,0.610338087,0.607342205,0.184579991,0.399527486,0.77515568,1.071061187,0.738897119,0.658405213,0.96570914,1.082262531,1.49265245,0.400374454,-0.222034358,0.771812616,0.719628516,-0.214186051,0.800577625,-0.447162595,1.158459166,0.643948779,0.813149572,0.870463754,0.677548062,-0.52975389,0.603678872,-0.269143188,0.658020908
2018-05,0.373166667,0.339530991,-0.470551026,0.820400386,1.485629514,0.509082075,0.983486284,0.614413826,0.607342205,0.171751583,0.38944328,0.775218302,1.071670533,0.741526812,0.696257338,0.953841013,1.062453973,1.485318298,0.397088351,-0.269742389,0.762207543,0.719461003,-0.214756985,0.802289964,-0.447162595,1.158459166,0.643948779,0.808603617,0.863920194,0.671489758,-0.52975389,0.606026507,-0.273649951,0.661828233
2018-06,0.334666667,0.340037468,-0.469795829,0.820509471,1.485629514,0.509082075,0.983486284,0.614413826,0.607342205,0.171751583,0.38944328,0.775218302,1.071670533,0.741798745,0.696257338,0.95372666,1.062453973,1.485318298,0.397088351,-0.269742389,0.76240444,0.719461003,-0.214756985,0.802289964,-0.447162595,1.158459166,0.643948779,0.808603617,0.864128256,0.671489758,-0.52975389,0.606026507,-0.273823006,0.66198033
2018-07,0.374,0.28551606,-0.485178438,0.820509471,1.476310029,0.521538054,0.9865824,0.640690754,0.601947611,0.144377089,0.389078203,0.803464979,1.065815755,0.710671961,0.695344187,0.95372666,1.007086435,1.469196721,0.436181031,-0.269742389,0.780170514,0.733338633,-0.188194539,0.804685323,-0.46758262,1.169270586,0.651071844,0.781899193,0.84384454,0.663229263,-0.52975389,0.545252846,-0.258865239,0.662740588
2018-08,0.392,0.354700384,-0.470299278,0.820509471,1.457675293,0.550146896,1.011001195,0.671450698,0.612639244,0.140118524,0.351131846,0.820513379,1.046586369,0.718067219,0.700021742,0.940660748,0.953843277,1.480770059,0.436181031,-0.224308575,0.777650617,0.751816167,-0.069212808,0.831158941,-0.492252587,1.172337628,0.665094042,0.81252271,0.853803094,0.683402283,-0.52975389,0.53018781,-0.249046934,0.673495948
2018-09,0.352833333,0.223307618,-0.360051738,0.821272885,1.465018917,0.698639026,1.051933648,0.71978168,0.637849883,0.081436342,0.261924711,0.868496202,1.044742758,0.791593317,0.633422989,0.867721894,0.952264423,1.524319242,0.403091356,-0.060287854,0.793128218,0.883314363,0.107626434,0.915683448,-0.406804378,1.144305648,0.665094042,0.773396887,0.793069648,0.711619815,-0.497727112,0.495321912,-0.141851132,0.800213812
2018-10,0.325666667,0.437472709,-0.07406362,0.821272885,1.488437468,0.813360243,1.088668193,0.958153815,0.827606854,0.211748983,0.316976051,0.99641729,0.896956762,0.860900826,0.735201239,0.867721894,1.011950882,1.659219683,0.314839844,0.109783899,0.723084595,0.958798585,0.234419433,0.96932696,-0.090340069,1.025493913,0.804739377,0.831618006,0.695997283,0.643553847,-0.497727112,0.31864248,-0.114111165,0.987251507
2018-11,0.319666667,0.355457504,-0.128532568,0.63517806,1.396751975,0.859527504,1.035822896,0.992682551,0.897357968,0.331505327,0.419722593,1.085403063,0.809406091,0.877286045,0.679328127,0.842279174,1.055212591,1.549110914,0.242572889,-0.053551842,0.715422086,1.042064323,0.389556678,0.945008987,0.157825533,0.828911807,0.838951095,0.898828127,0.743043873,0.526547705,-0.497727112,0.175834924,-0.102960863,1.03964813
2018-12,0.357333333,0.354447983,-0.142110776,0.45918939,1.387431021,0.790881172,1.025058481,1.037913065,0.900355342,0.426328512,0.604909624,1.230895423,0.698821213,0.895601326,0.608159364,0.6913299,1.009053763,1.492931529,0.201495678,0.039445628,0.745401466,1.032558937,0.572990533,0.889270386,0.302674217,0.671014319,0.930248593,0.709017318,0.845315254,0.457264727,-0.497727112,-0.025499663,-0.097934141,1.045351303
2019-01,0.370166667,0.305210344,-0.16849628,0.161535417,1.427588275,0.835090436,1.032244489,1.040399439,0.882985381,0.60617352,0.706098115,1.361172579,0.655699717,1.002207099,0.543732544,0.614747181,0.90913814,1.464274704,0.162593358,0.002940392,0.71809682,0.997305099,0.701646228,0.82905917,0.502735047,0.588607485,1.013628009,0.69407583,0.938469661,0.462349259,-0.497727112,-0.250755024,-0.062233933,1.064755221
2019-02,0.394333333,0.175221402,-0.292113244,-0.055100688,1.425261666,0.890536683,1.083997012,0.941233968,0.87140649,0.757614819,0.818313607,1.491279753,0.486447736,0.934548379,0.543732544,0.653232051,0.888598979,1.557676802,0.119549031,0.119745246,0.791085902,0.965297573,0.854359726,0.832038982,0.608603781,0.666664586,1.043594315,0.731220922,1.021408282,0.576622042,-0.497727112,-0.250755024,-0.008048774,1.064755221
2019-03,0.3805,0.465137639,-0.345633642,-0.225992731,1.461305043,0.890536683,1.128898848,0.943633543,0.834886129,0.904867008,0.813537286,1.542862503,0.614213582,0.969085762,0.543732544,0.639610765,0.867501024,1.54114233,0.084213842,0.188806373,0.830851448,1.002727829,1.025428943,0.864658739,0.678331951,0.648330054,1.043594315,0.832712126,1.052961909,0.557696297,-0.497727112,-0.250755024,-0.00087694,1.064755221
2019-04,0.365666667,0.448114243,-0.351980637,-0.266212832,1.457320943,0.890536683,1.147685664,0.953214491,0.827181917,0.924451084,0.781826332,1.542862503,0.631358421,0.980414089,0.547293771,0.647256878,0.867501024,1.519269761,0.060844659,0.220536432,0.823558759,1.002727829,1.03332544,0.853406073,0.731319713,0.644825692,1.043594315,0.921551119,1.059216542,0.535604652,-0.497727112,-0.250755024,-0.000499365,1.064755221
2019-05,0.3885,0.447867052,-0.352958041,-0.266678061,1.455016679,0.890536683,1.147685664,0.953852237,0.827111085,0.925135086,0.779679127,1.542862503,0.631075843,0.983389515,0.547293771,0.648147591,0.867501024,1.515806842,0.058085864,0.219847745,0.823558759,1.000327358,1.033086413,0.853204687,0.731319713,0.644825692,1.043594315,0.918464002,1.05893264,0.535604652,-0.497727112,-0.250755024,-0.000499365,1.059953324
2019-06,0.392333333,0.446878152,-0.347341403,-0.266678061,1.455016679,0.890536683,1.147920882,0.957835371,0.827111085,0.926366161,0.781074981,1.542862503,0.632488466,0.98593799,0.547768357,0.648783644,0.867609005,1.515945427,0.058963877,0.219847745,0.823558759,1.000404817,1.03834123,0.853204687,0.731319713,0.644825692,1.04369472,0.919081538,1.05997343,0.535905944,-0.490695684,-0.249990773,0.000255814,1.059833118
2019-07,0.3775,0.418602437,-0.356870171,-0.273913456,1.448182414,0.890536683,1.147764074,0.917303069,0.827111085,0.900890418,0.78096763,1.54515935,0.616770361,0.985853069,0.550021856,0.650055326,0.867824956,1.525424968,0.052813574,0.223749635,0.823620764,0.998312805,1.036670098,0.853204687,0.736442667,0.644825692,1.04369472,0.917692004,1.014847143,0.527858109,-0.490695684,-0.243421106,0.056790698,1.048377725
2019-08,0.384,0.441435299,-0.353691259,-0.205731257,1.427946058,0.890536683,1.15799854,0.917464259,0.825764742,0.891010417,0.78096763,1.576005919,0.660599944,0.968659213,0.588368256,0.654120901,0.873327019,1.546777238,0.069484344,0.227191121,0.834786809,1.00883782,1.060349463,0.858837575,0.788779301,0.647204074,1.04369472,0.942506172,1.034277928,0.549124405,-0.490695684,-0.248920936,0.099943457,1.060794554
2019-09,0.436,0.575568731,-0.346121495,-0.428929979,1.455814503,0.884690784,1.131875669,1.023580582,0.801501141,0.851256328,0.723647428,1.654855696,0.731641607,0.915558381,0.641768631,0.567111274,0.931777209,1.552814036,0.0173561,0.26221871,0.826283697,1.062445343,1.115997922,0.896542591,0.880258837,0.716143615,1.030696567,1.012591836,1.033894896,0.549623635,-0.490695684,-0.323535018,0.095969544,1.042198541
2019-10,0.472666667,0.527982373,-0.077230835,-0.814224739,1.412973005,0.860214499,1.077743772,0.936910339,0.668357707,0.753729395,0.583581934,1.705655011,0.7228886,0.882615458,0.614461751,0.373188641,0.886559584,1.564445654,-0.008070544,0.241173122,0.826283697,1.114053226,1.115997922,0.886885965,1.09571707,0.69365997,0.953630817,0.882706519,1.014750502,0.441107263,-0.378576856,-0.454867338,0.018958522,1.016164014
2019-11,0.512666667,0.54567445,0.096434648,-0.991360566,1.47947827,0.860214499,0.993587475,0.804147195,0.54967528,0.852909959,0.481565627,1.765048651,0.736690125,0.925583336,0.584139255,0.210824004,0.821838037,1.547257832,0.012410117,0.52393583,0.852507324,1.086869625,1.115997922,0.839405993,1.234787972,0.562374103,0.77003786,0.694871256,0.875435007,0.464317819,0.075845424,-0.51133302,0.187769091,0.976335742
2019-12,0.585333333,0.613852325,0.229977046,-1.068575049,1.3915973,0.860214499,0.892940198,0.641744322,0.478528501,0.836638827,0.477543112,1.676227192,0.757881364,0.832517448,0.584726893,0.098488093,0.731638745,1.576513994,0.106570607,0.738204868,0.852507324,1.102181374,1.17995619,0.825872379,1.358937635,0.664425245,0.681729787,0.638055867,0.753637205,0.48309047,0.279785748,-0.51064702,0.07704303,1.026965021
2020-01,0.630833333,0.448114243,0.465182708,-1.352258725,1.344163871,0.860214499,0.824555082,0.346633154,0.392665047,0.958586324,0.486881687,1.633041739,0.773810257,0.829065059,0.517398425,0.107774759,0.600131903,1.353742811,0.232798871,0.929229308,0.887370402,1.113152962,1.373706625,0.868932635,1.513273019,0.580184854,0.534911854,0.688346581,0.621861175,0.508429029,0.587563033,-0.51064702,0.283573257,1.15327774
2020-02,0.656,0.461935264,0.61097372,-1.352258725,1.209709836,0.797082519,0.788387061,0.190585417,0.351836855,0.951497296,0.764606587,1.56573266,0.717541981,0.784609585,0.493655521,0.22451107,0.325839914,1.197138285,0.367928349,0.83536956,0.91636227,1.094118904,1.454888281,0.845405702,1.562283067,0.651080765,0.381362157,0.659483858,0.546728415,0.473310495,0.723317833,-0.436738999,0.281148692,1.242507894
2020-03,0.662,0.544706816,0.634597295,-1.359470058,1.248412995,0.708715653,0.709349395,0.132943419,0.275949198,0.980089054,0.764606587,1.521061965,0.730958712,0.697030639,0.502905673,0.316978119,0.299492829,1.098486836,0.443895764,0.803816637,0.939735613,1.085281864,1.3591411,0.803043032,1.61436054,0.722991752,0.339063379,0.584757671,0.52596025,0.439014211,0.776002404,-0.418402814,0.292705257,1.25221456
2020-04,0.629,0.594511709,0.710293996,-1.394991467,1.215475964,0.699809404,0.697035667,0.11174608,0.269769402,1.007631709,0.761691228,1.503279115,0.746897202,0.681867234,0.51847429,0.322959647,0.279614423,1.049001845,0.444677337,0.776041932,0.957315543,1.047113255,1.358051716,0.805984726,1.614185794,0.723846716,0.310629497,0.630207885,0.524592068,0.439014211,0.861408152,-0.312343483,0.32819511,1.335664374
2020-05,0.514833333,0.592836415,0.704348255,-1.403519532,1.215475964,0.687199142,0.698222593,0.104020093,0.269769402,1.007767146,0.760934943,1.50542372,0.746353714,0.684628705,0.481489768,0.323244187,0.279614423,1.047562994,0.442220295,0.776041932,0.953277083,1.032942713,1.358051716,0.802906127,1.614185794,0.723846716,0.310629497,0.629887421,0.524592068,0.439014211,0.862511331,-0.335179054,0.327639035,1.33315636
2020-06,0.552833333,0.592357646,0.703807236,-1.404378161,1.215475964,0.687199142,0.698222593,0.104020093,0.269769402,1.007767146,0.760934943,1.50542372,0.746353714,0.686468576,0.481489768,0.324524289,0.279614423,1.047562994,0.442220295,0.776041932,0.953055407,1.032942713,1.366866108,0.802906127,1.614185794,0.723846716,0.310629497,0.629887421,0.524343196,0.439014211,0.862649176,-0.335179054,0.330604253,1.338273665
2020-07,0.686,0.587567166,0.698392485,-1.404378161,1.209421231,0.675559069,0.687092842,0.072706676,0.269769402,1.007089934,0.760934943,1.470279924,0.746353714,0.684812732,0.458139946,0.329213366,0.279614423,1.030648073,0.403204508,0.787546517,0.937828671,1.021103294,1.344952905,0.800509108,1.610338853,0.710997667,0.299600754,0.624277553,0.522724691,0.439014211,0.862649176,-0.338853778,0.313165634,1.336812866
2020-08,0.7725,0.502168236,0.6755593,-1.404378161,1.176331548,0.616376153,0.654748583,0.035298129,0.255213016,1.015618433,0.760934943,1.464866924,0.746353714,0.628924015,0.408213909,0.337861931,0.279614423,0.977480632,0.411453494,0.744741542,0.926039094,1.064043378,1.251875188,0.773716145,1.604997589,0.707439575,0.281392254,0.586367173,0.506836101,0.391521285,0.862649176,-0.346810649,0.312422616,1.329388633
2020-09,0.953166667,0.502900864,0.642681225,-1.410418695,1.087598049,0.378961336,0.596672414,-0.025180059,0.222867715,1.135965011,0.760934943,1.447822386,0.688584802,0.517554381,0.356072476,0.314838999,0.256424377,0.863335295,0.503719568,0.641937181,0.888366108,0.966549024,1.072070255,0.686886865,1.535950586,0.707439575,0.281392254,0.561392566,0.506836101,0.325952064,0.8792433,-0.346810649,0.306661647,1.282879132
2020-10,1.078166667,0.07800374,0.493840073,-1.410418695,0.908576961,0.038890769,0.511931433,-0.357293527,-0.0682378,1.011152312,0.65127516,1.348636099,0.643061659,0.383784662,0.142453794,0.145432047,0.182264573,0.631185326,0.549042786,0.570743938,0.826345549,0.92026624,0.855993977,0.651758946,1.339363175,0.707439575,0.07279595,0.430384275,0.467707139,0.257694883,0.912072625,-0.342680124,0.316693924,1.124807605
2020-11,0.991666667,-0.040078629,0.317390766,-1.410418695,0.807828976,-0.109553542,0.416149442,-0.59550418,-0.249288836,1.030891524,0.471618348,1.3236459,0.643061659,0.335286709,-0.00717426,-0.037378797,0.036165931,0.51596582,0.637702718,0.659963187,0.743665803,0.787670786,0.618065176,0.571026634,1.176674898,0.707439575,0.012200613,0.500745259,0.320811179,0.191595882,0.912072625,-0.341608911,0.354464113,1.074799012
2020-12,0.989833333,0.019078253,0.162067439,-1.410418695,0.648670922,-0.471498037,0.311030703,-0.894398216,-0.377905392,1.036290434,0.203287807,1.233120393,0.643061659,0.250096968,-0.00717426,-0.082326339,-0.100930468,0.425745588,0.75905413,0.409279266,0.626997239,0.660275929,0.436702207,0.496532372,1.07171356,0.707439575,-0.176588342,0.568326785,0.138443242,0.070166206,0.912072625,-0.341608911,0.349477243,1.069305554
2021-01,1.097333333,-0.064680792,0.028635447,-1.410418695,0.395604541,-1.182443377,0.184524381,-1.045487139,-0.559460916,0.940716151,0.035838764,1.248626735,0.527406635,0.011063446,-0.00717426,-0.193615569,-0.180706302,0.304708555,0.912766009,0.177746767,0.534115208,0.566010506,0.299293904,0.423524187,0.910451937,0.628126949,-0.404054443,0.475757162,-0.009391239,-0.032920629,0.912072625,-0.341608911,0.314094299,1.049949505
2021-02,1.155,-0.028239982,-0.17407638,-1.410418695,0.173620485,-1.578269033,0.045975184,-1.045487139,-0.695074394,0.922946095,-0.184568404,1.227320471,0.441007364,-0.126043068,-0.00717426,-0.359838074,-0.277730058,0.059350489,1.064382783,-0.09856616,0.370922267,0.442882306,0.124861681,0.28275133,0.815959561,0.445056376,-0.511245963,0.380663101,-0.159568675,-0.191999518,0.912072625,-0.341608911,0.260417071,1.049949505
2021-03,1.253333333,-0.391680429,-0.265282533,-1.410418695,0.039303267,-1.578269033,-0.111557336,-1.049418343,-0.754581998,0.820207192,-0.278480703,1.236299639,0.305508051,-0.269657238,-0.00717426,-0.468959869,-0.323596896,-0.051785701,1.102566724,-0.167594697,0.170625743,0.324131983,-0.082874566,0.21899128,0.749740691,0.35212415,-0.511245963,0.241839104,-0.221923239,-0.249332208,0.912072625,-0.341608911,0.253308,1.049949505
2021-04,1.3165,-0.414317527,-0.328841223,-1.394144419,0.030457946,-1.578269033,-0.19564641,-1.122107353,-0.754581998,0.836914799,-0.279446635,1.266460118,0.278001715,-0.317666807,-0.011148764,-0.478644094,-0.323596896,-0.063255153,1.111546701,-0.199229787,0.144706954,0.314336687,-0.111738166,0.205211065,0.697117079,0.345285506,-0.511245963,0.249837406,-0.251907099,-0.249332208,0.912072625,-0.341608911,0.26453016,1.049949505
2021-05,1.179,-0.396437591,-0.329084057,-1.391609477,0.030457946,-1.578269033,-0.19564641,-1.12387623,-0.754581998,0.846845456,-0.279446635,1.267495693,0.277842941,-0.321584831,-0.011281272,-0.479665319,-0.323596896,-0.063255153,1.117548835,-0.199229787,0.144706954,0.314336687,-0.111738166,0.204865672,0.697117079,0.345285506,-0.511245963,0.249837406,-0.25210193,-0.249601441,0.911805055,-0.341608911,0.265651565,1.049949505
2021-06,1.1385,-0.396437591,-0.334673574,-1.391609477,0.030457946,-1.578269033,-0.196800707,-1.130176982,-0.754581998,0.84560459,-0.281240249,1.267495693,0.276254772,-0.324758926,-0.011811321,-0.480394055,-0.32373187,-0.063467582,1.116922287,-0.199229787,0.144706954,0.314244186,-0.118229912,0.204865672,0.697117079,0.345285506,-0.511649547,0.249184407,-0.254246209,-0.25000531,0.910064805,-0.342374076,0.264903978,1.049949505
2021-07,1.297666667,-0.396437591,-0.335160012,-1.399242341,0.030457946,-1.578269033,-0.196800707,-1.137201908,-0.754581998,0.84656972,-0.281240249,1.267017728,0.276254772,-0.324758926,-0.014992142,-0.481849734,-0.324001803,-0.088537203,1.11871209,-0.204027757,0.144564532,0.314244186,-0.118229912,0.204865672,0.69191882,0.345285506,-0.511649547,0.249184407,-0.261865436,-0.267931324,0.910064805,-0.348951537,0.207718314,1.039526594
2021-08,1.196666667,-0.383069699,-0.33686304,-1.742207044,0.003711764,-1.577753512,-0.250118453,-1.105844887,-0.754581998,0.84656972,-0.281240249,1.262716635,0.226467299,-0.324758926,-0.062532366,-0.486491591,-0.330878291,-0.153130622,1.134507256,-0.207452039,0.11820003,0.272353465,-0.147470285,0.187280077,0.637649902,0.337611194,-0.511649547,0.218348003,-0.322679918,-0.296570856,0.910064805,-0.352925751,0.15816432,1.020590343
2021-09,1.231,-0.519885074,-0.383874881,-1.742207044,-0.149248254,-1.577753512,-0.277428055,-1.251449097,-0.754581998,0.946722505,-0.281240249,1.23184893,0.114444247,-0.324758926,-0.281158301,-0.486491591,-0.495252441,-0.246949064,1.126307316,-0.24245767,0.11820003,0.142052769,-0.240696876,0.083843551,0.537416502,0.200824707,-0.511649547,0.130571461,-0.391400744,-0.297246966,0.910064805,-0.36285014,0.094266346,0.983244236
2021-10,1.1375,-0.575005422,-0.508992934,-1.742207044,-0.383747043,-1.546568061,-0.277428055,-1.407802469,-0.754581998,0.917334401,-0.281240249,1.220570911,-0.03492471,-0.35614389,-0.375477533,-0.486491591,-0.629472928,-0.410462687,1.034099926,-0.284083725,0.11820003,0.007094098,-0.240696876,-0.0090682,0.270612231,0.05772095,-0.511649547,0.021687382,-0.498231886,-0.335793172,0.878151335,-0.449291694,0.029735491,0.879458435
2021-11,1.082333333,-0.747636695,-0.710591619,-1.742207044,-0.835162637,-1.522271181,-0.277428055,-1.453475864,-0.754778861,0.688551403,-0.289927251,1.166910645,-0.19440192,-0.527501831,-0.579553156,-0.486491591,-0.718939902,-0.536018715,0.881229754,-0.544538835,0.050310613,-0.13293931,-0.240696876,-0.077665957,0.072378169,-0.046211262,-0.511649547,-0.174147902,-0.498231886,-0.450447371,0.668907607,-0.449291694,-0.199137488,0.775061962
2021-12,1.196666667,-0.768859955,-0.879295355,-1.742207044,-1.071931163,-1.51701691,-0.277428055,-1.453825585,-0.754778861,0.532996896,-0.389104068,1.218189729,-0.54957122,-0.603144179,-0.66345081,-0.486491591,-0.741432488,-0.598332162,0.700118046,-0.704873698,0.050310613,-0.276541115,-0.316399143,-0.182833498,-0.12188993,-0.248613521,-0.511649547,-0.300418,-0.498231886,-0.538961204,0.521859632,-0.450026673,-0.289309677,0.716229163
2022-01,1.258166667,-0.847265984,-1.188858162,-1.742207044,-1.33178332,-1.514945544,-0.396422987,-1.456122247,-0.754778861,0.302668993,-0.578419902,1.202012853,-0.721200259,-0.712443132,-0.719875362,-0.558192508,-0.741432488,-0.598332162,0.50995487,-0.780917937,-0.059701626,-0.435650674,-0.50526991,-0.433509346,-0.372301697,-0.380222389,-0.511649547,-0.425780148,-0.498231886,-0.632261676,0.195711117,-0.450026673,-0.493301128,0.465474035
2022-02,1.308833333,-0.980515045,-1.362342576,-1.742207044,-1.481749314,-1.512423727,-0.674864801,-1.456122247,-0.679296208,0.228121618,-0.729576886,1.297071886,-0.740125234,-0.75559894,-0.746292563,-0.642136759,-0.741432488,-0.598332162,0.275140077,-0.780917937,-0.181520851,-0.557420966,-0.563964808,-0.510324931,-0.481487707,-0.474073127,-0.302192953,-0.475015051,-0.478638287,-0.632261676,-0.038568174,-0.52287191,-0.571583406,0.318623362
2022-03,1.199666667,-1.108476435,-1.385092614,-1.742207044,-1.610219101,-1.512211814,-0.834796636,-1.456122247,-0.643644073,0.190981853,-0.729576886,1.301220237,-0.741594281,-0.765589204,-0.754514249,-0.677663639,-0.742116107,-0.598332162,0.117697828,-0.780917937,-0.327022071,-0.578818259,-0.563964808,-0.531048466,-0.541487272,-0.525510737,-0.264610102,-0.482308558,-0.473193143,-0.632261676,-0.143992529,-0.562682266,-0.594944712,0.301131837
2022-04,1.183166667,-1.217115801,-1.461491933,-1.742207044,-1.612421594,-1.430209363,-0.834796636,-1.456122247,-0.643432474,0.166658255,-0.729576886,1.301220237,-0.742118938,-0.772593591,-0.754778782,-0.678613735,-0.742118954,-0.598332162,0.09578181,-0.767518777,-0.633024633,-0.584543737,-0.56431346,-0.541725809,-0.54204681,-0.530164325,-0.299306979,-0.523922097,-0.472088695,-0.632261676,-0.359953617,-0.627997786,-0.604990573,0.13412922
2022-05,1.148166667,-1.205664548,-1.37136979,-1.742207044,-1.612421594,-1.382288272,-0.947249906,-1.455304268,-0.643432474,0.181881104,-0.729576886,1.304810615,-0.742118954,-0.773368843,-0.754778861,-0.678654254,-0.742118954,-0.598332162,0.095160797,-0.731180484,-0.633024633,-0.584677889,-0.56431346,-0.541725809,-0.54204681,-0.530122272,-0.290994852,-0.520657548,-0.459868618,-0.632261676,-0.176635997,-0.610324038,-0.601977519,0.13389718
2022-06,1.037333333,-1.205664548,-1.37136979,-1.742207044,-1.612421594,-1.382288272,-0.947249906,-1.455304268,-0.643432474,0.181881104,-0.729576886,1.304810615,-0.742118954,-0.774615354,-0.754778861,-0.678831246,-0.742118954,-0.598332162,0.095160797,-0.731180484,-0.633024633,-0.584677889,-0.564345408,-0.541725809,-0.54204681,-0.530122272,-0.290994852,-0.520657548,-0.459868618,-0.632261676,-0.171108345,-0.610324038,-0.602655493,0.122215843
2022-07,1.052666667,-1.144214149,-1.345976345,-1.687046291,-1.612421594,-1.326644113,-0.947249906,-1.443016959,-0.643432474,0.200767258,-0.729576886,1.321171308,-0.742118954,-0.773473766,-0.754778861,-0.679405008,-0.742118954,-0.598332162,0.095160797,-0.696172566,-0.633024633,-0.584943996,-0.564345408,-0.532254096,-0.54204681,-0.530122272,-0.290424691,-0.518846191,-0.458337831,-0.632261676,-0.171108345,-0.582468414,-0.599625756,0.121980591
2022-08,1.105833333,-1.067476202,-1.334746694,-1.591099177,-1.612421594,-1.220353802,-0.947249906,-1.437441417,-0.643432474,0.200270105,-0.729576886,1.324763495,-0.742118954,-0.752982158,-0.754778861,-0.677835078,-0.742118954,-0.598332162,0.086082088,-0.683751246,-0.633024633,-0.596270619,-0.564345408,-0.511626609,-0.54204681,-0.527561618,-0.27966554,-0.498867081,-0.458146136,-0.628404585,-0.171108345,-0.503745635,-0.599395423,0.121980591
2022-09,1.094166667,-1.122012251,-1.284784997,-1.250663181,-1.612421573,-1.015013086,-0.614210054,-1.313617399,-0.638786987,0.160985132,-0.727977685,1.338575354,-0.742118954,-0.679323761,-0.754778857,-0.65614892,-0.741645173,-0.598332162,-0.01790074,-0.588572881,-0.539210333,-0.596514137,-0.564345408,-0.510248199,-0.531595425,-0.48305081,-0.27966554,-0.442899608,-0.458146136,-0.604447481,-0.230547891,-0.41465444,-0.531406764,0.009937031
2022-10,1.0835,-1.161552032,-1.333694473,-1.205073522,-1.60906526,-0.79739086,-0.302872425,-1.196046512,-0.625378248,0.164361456,-0.673924049,1.309678194,-0.742086204,-0.681077828,-0.752873016,-0.524963714,-0.72553262,-0.588845059,-0.003991897,-0.631875894,-0.238636698,-0.583584122,-0.562932868,-0.567573206,-0.426426689,-0.434412475,-0.27966554,-0.470628216,-0.458146136,-0.540693041,-0.320295461,-0.274476056,-0.522327872,0.009937031
2022-11,1.074166667,-1.178530351,-0.971656524,-0.815027815,-1.599761979,-0.405359363,-0.038727914,-0.937606723,-0.44354791,0.135408094,-0.541260863,1.242024333,-0.713399163,-0.679112543,-0.685475785,-0.102862031,-0.594219524,-0.548220967,-0.010111332,-0.646800459,0.046079425,-0.507259703,-0.376739,-0.567573206,-0.11449705,-0.341701821,-0.27966554,-0.472638733,-0.458146136,-0.470484233,-0.320295461,-0.244795712,-0.479975633,0.009937031
2022-12,1.067333333,-1.444111635,-0.573737311,-0.325654932,-1.291376809,-0.102275028,0.011652928,-0.474608398,-0.277451861,0.139174632,-0.28744616,1.18546978,-0.648730019,-0.612600132,-0.540390045,0.210676514,-0.4035954,-0.367432059,-0.072161002,-0.36201615,0.245150799,-0.391426421,-0.123681993,-0.567573206,0.289554985,-0.276215925,-0.27966554,-0.374998735,-0.458146136,-0.328356553,-0.0230113,-0.244795712,-0.258340785,0.009567429
2023-01,1.025833333,-1.391043523,-0.334187198,-0.141710298,-1.015241286,0.106439045,0.019763693,-0.349790102,-0.277451861,0.171265552,-0.076481071,1.042731147,-0.585636976,-0.481588492,-0.398511488,0.277232236,-0.213947307,-0.158417926,-0.100171276,-0.104820131,0.346751918,-0.286145113,0.023091381,-0.567573206,0.444913776,-0.276215925,-0.27966554,-0.351281515,-0.458146136,-0.196263756,0.000677176,-0.244795712,-0.04834562,0.009567429
2023-02,0.999,-1.445825032,0.043090257,0.193591515,-0.681763436,0.153418919,0.019763693,-0.305360254,-0.277451861,0.144140031,0.121162907,0.94025151,-0.490462911,-0.47557594,-0.165052597,0.546883847,-0.004375126,0.035347983,-0.144813602,0.201694535,0.38232213,-0.284265012,0.232371095,-0.567573206,0.686104254,-0.276215925,-0.27966554,-0.31764884,-0.458146136,-0.195463905,0.016161207,-0.244795712,0.165712766,0.009567429
2023-03,0.899833333,-1.272974976,0.180379595,0.363857569,-0.579061892,0.153418919,0.019763693,-0.132851125,-0.277451861,0.201637703,0.275424667,0.885275336,-0.490462911,-0.47557594,0.036439816,0.603784756,-0.004375126,0.191459446,-0.140622525,0.327747987,0.493319058,-0.284265012,0.368648281,-0.567573206,0.741555911,-0.276215925,-0.27966554,-0.213305248,-0.458146136,-0.195463905,0.016161207,-0.244795712,0.369770158,0.009567429
2023-04,0.747833333,-1.280795143,0.209225784,0.379879636,-0.578859977,0.153418919,0.019763693,-0.090220465,-0.277451861,0.158579686,0.290376586,0.860713862,-0.478310665,-0.475279552,0.057638852,0.603784756,-0.004375126,0.2294764,-0.147172271,0.329560174,0.500441894,-0.284265012,0.375201309,-0.567573206,0.747726455,-0.276215925,-0.27966554,-0.302540899,-0.458146136,-0.195463905,0.016161207,-0.244795712,0.467869811,0.009567429
2023-05,0.609666667,-1.269528065,0.21567222,0.391079951,-0.503256041,0.153418919,0.021321244,-0.082875888,-0.277451861,0.160022329,0.293384178,0.867102629,-0.474459333,-0.454880362,0.063422338,0.603784756,-0.004375126,0.240756952,-0.144813602,0.338840491,0.514256412,-0.284265012,0.406836091,-0.567351986,0.768624935,-0.276215925,-0.27966554,-0.302540899,-0.458146136,-0.195463905,0.016161207,-0.244795712,0.47944848,0.009567429
2023-06,0.581,-1.269528065,0.21567222,0.391079951,-0.503256041,0.153418919,0.025455626,-0.082875888,-0.277451861,0.160022329,0.301016505,0.867102629,-0.474459333,-0.454880362,0.063422338,0.603784756,-0.004375126,0.240756952,-0.144813602,0.338840491,0.514341526,-0.284265012,0.406836091,-0.567351986,0.768624935,-0.276215925,-0.27966554,-0.302540899,-0.458146136,-0.195463905,0.016161207,-0.244795712,0.47944848,0.009567429
2023-07,0.585,-1.254131091,0.215879966,0.394325379,-0.478241826,0.153418919,0.031860948,-0.080875862,-0.277451861,0.182861851,0.33075479,0.867032994,-0.463689396,-0.448254468,0.065918369,0.618606248,-0.004375126,0.288087626,-0.13094128,0.375389536,0.514341526,-0.284265012,0.436000185,-0.565900828,0.768624935,-0.276215925,-0.27966554,-0.301480078,-0.458146136,-0.195463905,0.016161207,-0.244795712,0.488116083,0.009567429
2023-08,0.604666667,-1.247512173,0.289043523,0.44561386,-0.438129109,0.143435578,0.040593746,-0.010164694,-0.277451861,0.216139808,0.368078425,0.860298454,-0.443644376,-0.388567821,0.079172396,0.645729294,-0.004375126,0.338334041,-0.157140286,0.401215517,0.514341526,-0.284265012,0.493180769,-0.550025766,0.817461599,-0.276215925,-0.27966554,-0.287980374,-0.458146136,-0.195463905,0.016161207,-0.244795712,0.533923154,0.009567429
2023-09,0.6,-1.3235822,0.283956624,0.512090513,-0.305280907,0.143435578,0.053900976,-0.035450358,-0.196184077,0.155460436,0.429352197,0.852710308,-0.443644376,-0.328564576,0.149589232,0.734978903,-0.004375126,0.442534013,-0.170935229,0.493104233,0.514341526,-0.284265012,0.515694735,-0.521696494,0.864184341,-0.276215925,-0.27966554,-0.195089349,-0.458146136,-0.195463905,0.016161207,-0.244795712,0.548566313,0.009567429
2023-10,0.603833333,-1.281732252,0.201515627,0.63238597,-0.214317062,0.077799907,0.053900976,0.079248217,-0.172373148,0.142600498,0.512157684,0.805095203,-0.421660903,-0.281298169,0.205706221,0.800733543,-0.004375126,0.485582768,-0.103683074,0.61931803,0.574450301,-0.242073498,0.655709563,-0.489804218,0.978469915,-0.276215925,-0.226234324,-0.126202438,-0.458146136,-0.195463905,0.016161207,-0.244795712,0.594180923,0.009567429
2023-11,0.6535,-1.256964152,0.369220687,0.644612596,-0.046641303,0.064203045,0.053900976,0.1842798,-0.094150792,0.209245773,0.623381133,0.770351911,-0.363941663,-0.197005546,0.212118981,1.002487422,-0.004375126,0.566934861,-0.028393744,0.843846003,0.639019001,-0.140826747,0.828109049,-0.421370577,1.140650418,-0.276215925,-0.088601893,-0.061961626,-0.458146136,-0.195463905,0.016161207,-0.244795712,0.722080527,0.009567429
2023-12,0.7115,-1.448105697,0.374578864,0.644612596,-0.045850683,0.062857906,0.053900976,0.1842798,-0.047757755,0.21538618,0.634659028,0.69200833,-0.363941663,-0.187641729,0.212118981,1.002824757,-0.004375126,0.566934861,-0.02826563,0.844052562,0.641316476,-0.140162025,0.845673018,-0.421370577,1.142293265,-0.276215925,-0.0876875,-0.046863881,-0.458146136,-0.195463905,0.016161207,-0.244795712,0.722080527,0.009567429
