YearMonth,Sinaloa-Sinaloa_precio_frec_mean,25015,25116,25037,14066,14132
2000-01,2,-1.92,-1.28,0.25,-0.24,0.32
2000-02,2.375,-1.91,-1.27,0.14,-0.21,0.32
2000-03,2.5,-1.92,-1.24,0.15,-0.2,0.32
2000-04,2.5,-1.92,-1.24,0.14,-0.18,0.33
2000-05,2.5,-1.91,-1.27,0.12,0.05,0.71
2000-06,2.5,-1.92,-1.21,0.32,0.27,0.73
2000-07,2.5,-1.86,-1.13,1.18,-0.44,0.41
2000-08,2.5,-2.32,-1.31,1.18,-0.57,-0.13
2000-09,2.425,-3.14,-2.41,0.14,-1.53,-0.6
2000-10,2.5,-1.91,-1.93,0.6,-1.3,-0.39
2000-11,2.08,-1.58,-1.85,0.94,-1.3,-0.37
2000-12,1.85,-1.55,-1.9,1.03,-1.27,-0.36
2001-01,2.1,-1.51,-1.95,1.01,-1.25,-0.35
2001-02,2,-1.4,-1.83,1.05,-1.2,-0.35
2001-03,2.057142857,-1.29,-1.72,1.08,-1.17,-0.33
2001-04,2,-1.29,-1.72,1.08,-1.14,-0.33
2001-05,2.275,-1.29,-1.73,1.06,-1.08,-0.28
2001-06,2.5,-1.55,-1.75,1.06,-0.67,-0.28
2001-07,2.2,-1.06,-1.7,0.95,0.01,-0.04
2001-08,2.22,-0.68,-0.98,1.24,-0.4,-0.2
2001-09,2.833333333,-0.74,-0.38,1.4,-0.31,-0.23
2001-10,2,-0.57,-0.33,1.33,-0.3,-0.36
2001-11,1.869387853,-0.56,-0.31,1.35,-0.31,-0.53
2001-12,1.799449773,-0.54,-0.33,1.48,-0.3,-0.53
2002-01,1.874605422,-0.49,-0.33,1.47,-0.21,-0.43
2002-02,2,-0.4,-0.27,1.47,-0.12,-0.37
2002-03,2.5,-0.41,-0.28,1.5,-0.11,-0.36
2002-04,2.5,-0.4,-0.28,1.5,-0.09,-0.36
2002-05,2.5,-0.4,-0.32,1.48,-0.25,-0.63
2002-06,2.5,-0.53,-0.36,1.21,-0.44,-0.7
2002-07,2.5,-0.49,-0.25,0.51,-0.33,-0.19
2002-08,2.5,-1.11,-0.14,0.03,-0.44,-0.1
2002-09,2,-0.58,-0.07,0.08,-0.31,0.16
2002-10,2.1,-1.25,-0.18,-0.63,-0.47,-0.01
2002-11,2.5,-1.49,-0.19,-1.02,-0.3,0.12
2002-12,2.5,-1.45,-0.15,-0.99,-0.32,0.08
2003-01,2.74,-1.41,-0.18,-0.97,-0.31,0.12
2003-02,3,-1.27,-0.06,-0.92,-0.28,0.11
2003-03,3,-1.38,-0.12,-0.96,-0.27,0.1
2003-04,3,-1.38,-0.12,-0.97,-0.25,0.11
2003-05,3,-1.38,-0.17,-1,-0.34,0.16
2003-06,3,-1.38,-0.17,-1.05,-0.78,0.31
2003-07,3,-1.81,-0.35,-1.33,-1.02,0.61
2003-08,3,-1.92,-0.89,-1.82,-0.95,0.87
2003-09,3,-1.16,-1.08,-1.7,-0.54,1.22
2003-10,3,-1.13,-0.79,-1.33,-0.62,1.56
2003-11,3,-1.09,-0.77,-1.29,-0.56,1.6
2003-12,3,-1.1,-0.8,-1.35,-0.56,1.58
2004-01,3.05,-0.67,-0.11,-1.08,-0.47,1.61
2004-02,3,-0.56,-0.11,-1.05,-0.49,1.56
2004-03,3,-0.51,-0.07,-1.02,-0.45,1.57
2004-04,3,-0.51,-0.06,-1.03,-0.43,1.59
2004-05,3,-0.51,-0.1,-1.06,-0.07,1.79
2004-06,3,-0.51,-0.1,-1.03,1.1,2.61
2004-07,3,-0.63,-0.15,-1,0.92,2.23
2004-08,3,0,-0.23,-0.66,1.46,2.6
2004-09,3,0.18,0.79,-0.61,2.38,3.15
2004-10,3,0.86,1.02,-0.23,2.24,3.14
2004-11,3,1.07,1.03,-0.11,2.12,3.06
2004-12,3,1.08,1.02,-0.04,2.21,3.08
2005-01,3,1.11,1.09,-0.03,2.18,3.02
2005-02,3,1.47,1.13,0.2,2.25,3.09
2005-03,3,1.47,1.13,0.2,2.24,3.06
2005-04,3,1.47,1.13,0.19,2.23,3.1
2005-05,3,1.47,1.08,0.17,2.3,3.03
2005-06,3,1.47,1.07,0.1,1.84,2.38
2005-07,3,1.4,1.17,0.1,1.85,2.3
2005-08,3,1.52,1.29,-0.6,2.16,2.11
2005-09,3,1.04,1.13,-0.63,1.85,1.62
2005-10,3,0.95,0.99,-0.62,2.01,1.49
2005-11,3,0.94,1.01,-0.65,1.97,1.49
2005-12,3,0.93,1.03,-0.63,2.03,1.48
2006-01,3,0.57,0.45,-0.87,1.87,1.34
2006-02,3,0.46,0.42,-0.88,1.87,1.33
2006-03,3,0.41,0.39,-0.95,1.83,1.3
2006-04,3,0.41,0.38,-0.96,1.82,1.32
2006-05,3,0.41,0.34,-0.99,1.53,1.03
2006-06,3,0.51,0.34,-0.94,0.64,0.46
2006-07,3,0.85,0.18,-0.92,0.62,0.84
2006-08,3,0.66,0.03,-0.72,0.77,0.79
2006-09,3,0.57,-1.5,-0.69,-0.45,0.32
2006-10,3,0.24,-1.93,-0.15,0.1,0.52
2006-11,3,0,-1.93,-0.25,0.17,0.61
2006-12,3.25,-0.01,-2.03,-0.27,0.19,0.63
2007-01,4.1,0.01,-2.19,-0.06,0.24,0.64
2007-02,4.5,-0.48,-2.53,-0.37,0.23,0.61
2007-03,4.5,-0.48,-2.52,-0.38,0.22,0.6
2007-04,4.5,-0.48,-2.52,-0.39,0.24,0.63
2007-05,4.5,-0.48,-2.55,-0.42,0.25,0.65
2007-06,4.075,-0.48,-2.53,-0.27,0.32,0.85
2007-07,3.5,-0.95,-2.93,-0.17,0.41,0.62
2007-08,3.4,-0.44,-2.9,0.45,0.18,0.68
2007-09,3.6,0.27,-1.95,0.84,0.5,1.14
2007-10,3.5,0.12,-1.89,0.57,0.54,1.04
2007-11,3.5,0.26,-1.81,0.61,0.62,1.1
2007-12,3.275,0.38,-1.59,0.79,0.65,1.09
2008-01,3.488888889,0.38,-1.65,0.77,0.64,1.08
2008-02,3,0.37,-1.59,0.77,0.66,1.08
2008-03,3.15,0.37,-1.59,0.78,0.66,1.07
2008-04,3.325,0.37,-1.59,0.78,0.67,1.08
2008-05,3.3,0.37,-1.62,0.76,0.7,1.08
2008-06,3.2,0.29,-1.6,0.74,1.12,0.94
2008-07,3.466666667,0.01,-1.21,1.06,1.67,0.98
2008-08,3.985714286,1.04,-0.28,0.74,0.93,0.69
2008-09,3.46,1.18,1.1,0.98,1.15,0.73
2008-10,4.3,0.62,1.15,0.31,0.68,0.69
2008-11,3.8,0.62,1.15,0.31,0.64,0.62
2008-12,3.888259987,0.58,1.18,0.36,0.62,0.56
2009-01,3.841502026,0.52,1.16,0.15,0.57,0.57
2009-02,3.771411081,0.47,1.14,0.15,0.55,0.52
2009-03,3.654110633,0.48,1.14,0.15,0.55,0.52
2009-04,3.747604698,0.48,1.14,0.15,0.56,0.51
2009-05,3.653538108,0.48,1.11,0.12,0.73,0.62
2009-06,3.643473409,0.59,1.25,0.17,0.65,0.45
2009-07,3.817186832,1.1,1.52,0.07,-0.15,0.2
2009-08,3.8,0.69,1.57,-0.06,-0.45,0.07
2009-09,3.08,-0.09,1.19,-0.76,-0.69,0.22
2009-10,3.15,0.41,1.53,0.2,-0.85,0.31
2009-11,3.2,0.31,1.5,0.19,-0.93,0.28
2009-12,3.25,0.22,1.42,0.15,-0.86,0.29
2010-01,3.433333333,0.28,1.43,0.15,-0.65,0.49
2010-02,3.375,0.47,1.48,0.22,-0.11,0.51
2010-03,3.4,0.47,1.49,0.23,-0.1,0.51
2010-04,3.525,0.48,1.49,0.23,-0.09,0.52
2010-05,3.5,0.48,1.44,0.21,0.13,0.63
2010-06,3.44,0.46,1.42,0.15,-0.12,0.71
2010-07,3.05,0.35,1.47,-0.35,-0.17,0.99
2010-08,3.75,-0.63,1,-0.5,-0.14,0.96
2010-09,3.66,-0.4,0.64,-0.5,-0.07,0.74
2010-10,3.433333333,-0.53,0.49,-0.65,-0.23,0.52
2010-11,3.325,-0.52,0.5,-0.65,-0.22,0.53
2010-12,3.4,-0.51,0.51,-0.63,-0.21,0.51
2011-01,3.6,-0.5,0.5,-0.62,-0.22,0.47
2011-02,4.425,-0.46,0.49,-0.6,-0.18,0.47
2011-03,5.92,-0.47,0.5,-0.62,-0.18,0.47
2011-04,7,-0.47,0.5,-0.63,-0.16,0.47
2011-05,7,-0.47,0.44,-0.66,-0.25,0.49
2011-06,7,-0.65,0.26,-0.87,-0.23,0.58
2011-07,7,-0.21,-0.03,-0.47,0.05,1.16
2011-08,7,-0.15,-0.02,-0.52,0.29,1.1
2011-09,7,-0.09,-0.06,-0.15,0.02,0.58
2011-10,7,-0.66,-0.64,-1.17,0.06,0.61
2011-11,7,-0.59,-0.45,-0.94,0.06,0.61
2011-12,7,-0.62,-0.5,-0.94,0,0.57
2012-01,7,-0.66,-0.54,-0.94,-0.17,0.38
2012-02,6.8,-0.82,-0.63,-0.97,-0.26,0.64
2012-03,5.625,-0.83,-0.63,-1.01,-0.25,0.64
2012-04,5.125,-0.84,-0.63,-1.03,-0.23,0.65
2012-05,5.32,-0.84,-0.67,-1.06,-0.41,0.6
2012-06,5,-0.84,-0.63,-0.73,-1.01,0.18
2012-07,3.875,-0.47,-0.8,-0.27,-1.36,-0.05
2012-08,3,-0.31,-0.31,-0.05,-0.6,-0.01
2012-09,3.75,-0.7,-0.73,-0.26,-0.561583706,-0.46
2012-10,4.76,-0.42,-0.55,-0.09,-0.396990345,-0.39
2012-11,4.8,-0.41,-0.53,-0.08,-0.398494601,-0.38
2012-12,4.575,-0.28,-0.39,0.16,-0.207299124,-0.32
2013-01,4.5,-0.24,-0.43,0.16,-0.070308718,-0.16
2013-02,4.5,-0.21,-0.41,0.16,-0.069529808,-0.16
2013-03,4.7,-0.21,-0.4,0.17,-0.062567925,-0.15
2013-04,4.58,-0.21,-0.4,0.16,-0.11897617,-0.15
2013-05,4,-0.21,-0.44,0.14,-0.086044801,-0.19
2013-06,4,-0.23,-0.44,0.12,-0.232930089,-0.28
2013-07,4,-1.04,-0.45,-0.05,-0.844070106,-0.78
2013-08,4,-1.3,-0.73,0.25,-0.755718596,-0.71
2013-09,4,0.9,-0.57,1.14,0.384918134,-0.29
2013-10,4.769472083,0.85,-0.46,1.12,0.32390201,-0.3
2013-11,4.886601632,1.17,-0.6,1.22,0.507173802,-0.19
2013-12,4.360209097,1.17,-0.55,1.45,0.697345041,0.02
2014-01,4.358204129,1.16,-0.58,1.43,0.690584038,0.03
2014-02,4.765826681,1.1,-0.57,1.4,0.474888192,-0.29
2014-03,4.698662323,1.1,-0.56,1.45,0.494808567,-0.28
2014-04,4.698662323,1.1,-0.56,1.45,0.494808567,-0.28
2014-05,4.558361492,1.1,-0.6,1.43,0.55529935,-0.16
2014-06,5,1.6,-0.62,1.38,0.552431112,-0.16
2014-07,4.8532627,1.66,-0.02,1.67,0.585767985,-0.55
2014-08,4.550977786,1.49,-0.25,1.87,0.457234658,-0.68
2014-09,4.255246963,1.41,-0.29,1.78,0.699963952,-0.24
2014-10,4.188981882,1.1,0.03,1.7,0.682133355,-0.19
2014-11,4.171347669,1.22,0.05,1.82,0.838033172,-0.08
2014-12,4.378459669,1.11,-0.11,1.78,0.38,-0.16
2015-01,4.612091139,1.1,-0.05,1.78,0.24,-0.31
2015-02,4.546235656,1.17,0,1.81,0.37,-0.23
2015-03,4.25172365,1.23,0.01,1.9,0.66,-0.12
2015-04,4,1.23,0.03,1.92,0.67,-0.11
2015-05,3.65,1.23,0,1.9,0.81,0.04
2015-06,3.6,1.36,0.03,1.9,1.47,0.54
2015-07,3.5,1.56,0.1,1.91,1.35,0.49
2015-08,3.55,1.8,0.5,1.91,1.7,0.4
2015-09,3.64,0.42,0.64,1.45,1.19,0.31
2015-10,3.9,1.17,0.65,1.63,1.22,0.33
2015-11,4.1,0.83,0.75,1.48,1.12,0.26
2015-12,3.82,1.14,0.7,1.47,0.94,0.1
2016-01,3.5,1.11,0.7,1.45,0.92,0.11
2016-02,3.5,1.06,0.7,1.43,0.94,0.11
2016-03,4.658659122,1.09,0.71,1.47,0.96,0.14
2016-04,4.877211181,1.09,0.71,1.47,0.97,0.15
2016-05,4.85733718,1.15,0.67,1.46,0.86,0.02
2016-06,4,0.73,0.66,1.19,1.11,-0.08
2016-07,4,0.72,0.36,0.78,1.45,0.36
2016-08,4.12,0.62,0.74,0.34,1.71,0.74
2016-09,4.2,1.27,0.96,0.68,1.51,0.71
2016-10,4.2,1.19,0.56,0.5,1.55,0.63
2016-11,4.24,1.09,0.57,0.38,1.6,0.62
2016-12,4.3,1.11,0.58,0.47,1.64,0.61
2017-01,4.4,1.05,0.5,0.43,1.62,0.62
2017-02,4.875,1.01,0.56,0.45,1.54,0.55
2017-03,5,0.95,0.58,0.42,1.28,0.47
2017-04,5,0.95,0.57,0.4,1.27,0.47
2017-05,5,0.95,0.52,0.38,1.16,0.25
2017-06,4,0.92,0.52,0.23,0.32,-0.34
2017-07,4,0.55,0.48,0,0.04,-0.14
2017-08,3.84,0.45,0.1,-0.04,-0.46,-0.04
2017-09,3.9,0.1,0.22,-0.33,-0.25,-0.01
2017-10,4,-0.8,0.12,-0.65,-0.37,0.05
2017-11,4,-0.87,0.02,-0.78,-0.38,0.06
2017-12,4.25,-1.25,0.02,-0.76,-0.39,0.02
2018-01,4.42,-1.21,0,-0.75,-0.32,0.07
2018-02,4.5,-1.11,0.04,-0.72,-0.23,0.11
2018-03,4.5,-1.14,0.03,-0.77,-0.25,0.09
2018-04,4.65,-1.14,0.03,-0.78,-0.24,0.09
2018-05,4.5,-1.24,-0.01,-0.81,-0.04,0.34
2018-06,4.5,-0.98,0.19,-0.68,0.17,0.56
2018-07,4.75,-1.74,-0.15,-0.77,0.12,0.23
2018-08,4.6,-1.45,-0.2,-0.14,-0.24,0.03
2018-09,5,-0.24,1.11,0.77,0.62,0.12
2018-10,5,-0.08,1.1,1.09,0.67,0.23
2018-11,5,-0.09,1.1,1.09,0.67,0.27
2018-12,5,0.08,1.26,1.24,0.7,0.26
2019-01,5,0.09,1.3,1.24,0.73,0.3
2019-02,5,-0.03,1.19,1.15,0.75,0.28
2019-03,5.1,-0.03,1.17,1.19,0.73,0.27
2019-04,5.12,-0.03,1.17,1.19,0.74,0.28
2019-05,5.1,-0.04,1.12,1.17,0.81,0.29
2019-06,5.05,-0.05,1.08,1.12,0.92,0.45
2019-07,4.48,0.23,1.1,1.02,1.42,0.3
2019-08,4.4,0.45,1.67,1.16,1.58,0.11
2019-09,5.7,1.43,2.01,1.37,1.32,-0.21
2019-10,6,1.64,2.01,1.34,1.68,-0.32
2019-11,6,2.18,2.23,1.59,1.92,-0.15
2019-12,6,2.14,2.28,1.69,1.92,-0.21
2020-01,6,2.13,2.32,1.78,1.98,-0.16
2020-02,6,2.27,2.29,1.85,2.01,-0.04
2020-03,6,2.28,2.3,1.9,2,-0.04
2020-05,6.2,2.28,2.3,1.91,1.99,-0.03
2020-06,6.25,2.27,2.24,1.89,1.93,-0.26
2020-07,4,2.14,2.09,1.68,0.99,-0.68
2020-08,4.5,2.29,2.16,1.72,0.59,-0.48
2020-09,6,1.78,1.8,1.23,0.35,-0.94
2020-10,6,0.23,0.67,0.02,-0.54,-1.61
2020-11,6,0,0.56,-0.4,-0.79,-1.73
2020-12,6,0,0.62,-0.39,-0.94,-1.9
2021-01,6.75,-0.14,0.51,-0.44,-0.93,-1.91
2021-02,6.75,-0.11,0.56,-0.4,-0.96,-1.92
2021-03,7,-0.09,0.56,-0.39,-0.92,-1.93
2021-04,7,-0.09,0.56,-0.44,-0.9,-1.9
2021-05,7,-0.09,0.56,-0.45,-0.88,-1.92
2021-06,7,-0.09,0.51,-0.47,-0.86,-1.9
2021-07,7,0.15,0.55,-0.43,-0.73,-1.57
2021-08,7,0.08,0.59,-0.02,-0.74,-1.64
2021-09,7,-0.01,0.28,-0.21,-0.76,-1.67
2021-10,7,-0.95,-0.11,-0.61,0.05,-0.298366349
2021-11,7,-1.29,0.19,-0.62,-0.41,-0.645623868
2021-12,7.4,-2.07,-0.12,-0.94,-0.67,-0.720684208
2022-01,8,-1.9,0.05,-0.89,-0.68,-0.727286007
2022-02,8,-1.9,0.03,-1.05,-0.86,-1.032259287
2022-03,8,-2.2,-0.03,-1.18,-0.92,-0.996294179
2022-04,8.5,-2.21,-0.02,-1.21,-0.9,-1.071433484
2022-05,8.5,-2.21,-0.03,-1.23,-0.88,-1.177360819
2022-06,6.2,-2.21,-0.07,-1.26,-0.97,-1.352479847
2022-07,7,-1.83,-0.07,-1.03,-0.12,-0.83121342
2022-08,8,-1.79,0.29,-1.09,0.84,-0.119334303
2022-09,8,0.47,0.75,-0.08,1.16,-0.358109994
2022-10,9.5,0.94,0.59,-0.04,0.61,-0.758364862
2022-11,10,0.95,0.56,-0.05,0.87,-0.687176991
2022-12,10,0.95,0.53,-0.04,0.89,-0.676593404
2023-01,10,0.88,0.49,-0.01,0.95,-0.643636397
2023-02,10,0.85,0.41,0,0.93,-0.664016265
2023-03,10,0.82,0.42,0.01,0.95,-0.523199029
2023-04,10,0.83,0.43,0.01,0.94,-0.426038794
2023-05,10,0.83,0.43,0,0.95,-0.462597808
2023-06,8,0.83,0.38,-0.02,0.9,-0.394166397
2023-07,9,0.61,0.33,-0.07,0.48,-0.49568075
2023-08,9.4,0.77,0.45,-0.45,-0.23,-0.725916554
2023-09,10,0.39,0.41,-0.95,-0.18,-0.485909441
2023-10,10,0.03,0.02,-0.99,-1.02,-1.49
2023-11,10,1.55,0.5,-0.24,-1.01,-1.7
2023-12,10,1.56,0.51,-0.16,-0.99,-1.71
2024-01,8.4,1.44,0.35,-0.17,-0.77,-1.53
2024-02,9.5,1.43,0.34,-0.17,-0.76,-1.49
2024-03,10,1.39,0.33,-0.16,-0.6,-1.41
2024-04,10,1.39,0.34,-0.17,-0.59,-1.39
2024-05,9.75,1.39,0.34,-0.17,-0.56,-1.4
2024-06,8.75,1.39,0.29,-0.2,-0.5,-1.46
2024-07,8,1.18,0.35,-0.36,-1.21,-1.61
2024-08,8.5,1.2,0.1,-0.65,-1.71,-2.16
2024-09,10,0.26,-0.19,-1.16,-1.77,-1.98
2024-10,10,-0.18,-0.28,-0.42,-1.63,-1.53
2024-11,10,-0.28,-0.24,-0.38,-2.01,-1.65
2024-12,10,-0.27,-0.23,-0.38,-2.03,-1.59
2025-01,10,-0.27,-0.24,-0.35,-2.1,-1.63
2025-02,9.5,-0.23,-0.3,-0.39,-2.04,-1.59
2025-03,8,-0.21,-0.3,-0.37,-1.98,-1.58
2025-04,8,-0.21,-0.3,-0.38,-1.95,-1.56
2025-05,8,-0.21,-0.29,-0.39,-1.91,-1.57
2025-06,8,-0.2,-0.34,-0.42,-1.75,-1.5
