YearMonth,Ontario_Corn_price,Ottawa_SPI_1_month,Ottawa_SPI_24_month,International_Ontario_Corn_price
2012-01,236.98,0.143088012,0.461339346,272.9201455
2012-02,241.17,-1.614655199,0.270950455,279.5143214
2012-03,245.47,-0.609995611,0.3144857,280.715052
2012-04,249.99,-0.336484863,0.28708964,274.2192966
2012-05,243.2,0.385146067,0.490536013,268.8849036
2012-06,246.95,-0.345241722,0.316632256,267.3289218
2012-07,255.95,-2.996198147,0.129785662,332.9988526
2012-08,285.79,0.431669781,-0.381845849,332.2334953
2012-09,290.33,1.553813343,-0.434871478,320.7059056
2012-10,243.3,-0.368155977,-0.555760459,321.3824173
2012-11,222.27,-2.53369754,-0.975166609,321.5968705
2012-12,224.47,1.98740445,-0.456363422,308.7504006
2013-01,260.02,0.260535093,-0.24176872,303.3602112
2013-02,265.15,0.889180046,-0.03747381,302.6103405
2013-03,264.62,-1.123447206,-0.397056474,309.5792051
2013-04,261.36,0.088166171,-0.801838486,279.7648464
2013-05,258.04,0.261967266,-0.973992193,295.368975
2013-06,258.34,1.678307515,-0.508531233,297.1119132
2013-07,267.53,-0.80307486,-0.510235581,279.0132714
2013-08,289.61,-0.049928517,-0.523309047,234.9387661
2013-09,298.93,0.058249152,-0.321164559,207.4901734
2013-10,249.97,0.419073537,-0.326772408,201.7799929
2013-11,250.31,-0.671824259,-0.359903475,199.1824442
2013-12,255.96,-0.671675309,-0.43826279,197.5534486
2014-01,170.33,-1.260352461,-0.608295294,198.7719886
2014-02,175.26,0.059005211,-0.425267138,209.3560195
2014-03,186.33,-0.14240806,-0.358779131,222.3929172
2014-04,194.46,0.940769316,-0.119066681,222.4304107
2014-05,194.41,0.195824334,-0.16114522,216.975101
2014-06,189.86,1.637456826,0.315022368,202.633823
2014-07,256.52,0.081211321,0.680762938,182.2945163
2014-08,239.46,0.631703923,0.729378725,176.4820806
2014-09,227.24,0.555258111,0.486292794,163.1343813
2014-10,200.24,-0.135329408,0.527612543,163.3780893
2014-11,175.17,-1.322887224,0.623055712,178.7085351
2014-12,170.74,-1.160574437,0.092237574,178.7129461
2015-01,183.84,-0.556513924,-0.014951366,174.7948714
2015-02,186.25,-0.82251084,-0.256831362,173.7588658
2015-03,190.56,-1.57617503,-0.30043457,174.2938214
2015-04,189.53,-0.118570149,-0.335749533,172.151577
2015-05,186.02,-0.0767129,-0.407205894,166.3503895
2015-06,187.28,0.674202718,-0.694945986,166.8138607
2015-07,185.16,-0.609277247,-0.663322907,179.6085304
2015-08,179.49,-0.00862889,-0.65413675,162.7406991
2015-09,183.76,0.542905467,-0.549492127,166.077624
2015-10,183.17,0.366640665,-0.562031561,171.4485732
2015-11,176.96,-1.557503974,-0.663897241,166.0924241
2015-12,180.53,0.724273988,-0.438828087,164.0044018
2016-01,189.35,-0.346823907,-0.33743337,161.0988769
2016-02,192.9,1.478208494,-0.086484677,159.7168454
2016-03,193.3,1.142037173,0.149337732,159.2265321
2016-04,194.49,-0.850186163,-0.157264435,164.4654019
2016-05,197.23,-1.526355138,-0.429786022,169.0021199
2016-06,202.6,-0.746498853,-1.003970769,179.9127393
2016-07,194.36,0.480825312,-0.914812464,161.8230448
2016-08,194.12,0.9898678,-0.809380502,150.2154124
2016-09,201.81,0.009533678,-0.928852257,148.5119017
2016-10,189.37,0.712202106,-0.728947941,152.617444
2016-11,184.55,-0.262864955,-0.59285726,151.3314157
2016-12,187.23,0.476578324,-0.355406631,152.7299247
2017-01,187.19,0.173752638,-0.258505963,160.012107
2017-02,189.11,1.218776113,0.045302824,162.9625359
2017-03,196.21,0.099981118,0.247786684,158.9791193
2017-04,194.17,2.225032457,0.76430555,156.5404521
2017-05,196.45,2.059020963,1.313440986,158.6002196
2017-06,197.65,1.648150093,1.556588635,157.9739071
2017-07,202.61,1.915177545,2.074410062,157.6106459
2017-08,196.61,0.138836117,2.102605284,148.5434304
2017-09,192.16,-0.810810791,1.886276537,147.3158579
2017-10,190.37,1.536734623,2.166456604,148.7223768
2017-11,187.49,0.597779324,2.418401601,148.7921659
2017-12,186.35,-1.69524312,2.13646889,149.0874275
2018-01,180.8,0.406880306,2.226736931,155.9168753
2018-02,181.77,-0.008077576,2.00346157,163.4609697
2018-03,192.51,-0.588509604,1.739900498,172.07659
2018-04,195.87,-0.520787873,1.77893793,175.6009825
2018-05,200.16,-0.745510567,1.865449038,179.1790589
2018-06,202.21,-0.251960145,1.939913532,165.1402855
2018-07,200.26,1.643728481,2.198286443,156.5542655
2018-08,195.99,-0.224113144,1.939913532,162.5222585
2018-09,195.44,0.026809326,1.942807636,154.9450034
2018-10,188.39,-0.483002862,1.720345197,160.3655651
2018-11,182.44,0.609837402,1.846535093,160.8782077
2018-12,179.83,0.12734111,1.795012568,167.4898806
2019-01,194.91,-0.157683689,1.754550946,166.8462415
2019-02,198.9,0.553643255,1.647776935,169.6562835
2019-03,197.58,0.038577169,1.63892799,166.321332
2019-04,203.16,2.362344058,1.676256075,161.6533866
2019-05,200.51,0.831842483,1.330004748,171.1801536
2019-06,214.38,1.028407163,1.166599198,195.1679223
2019-07,201.68,-1.32736039,0.518087413,189.4863732
2019-08,202.62,-0.296930947,0.429955222,163.6286143
2019-09,203.93,-0.455699332,0.483109584,157.3744366
2019-10,196.33,1.80576059,0.569345293,167.2977941
2019-11,191.76,-2.423614706,0.217024804,166.3617855
2019-12,192.45,-0.280451909,0.377143732,167.0590173
2020-01,208.9,0.815766774,0.441133465,171.8141352
2020-02,213.59,-0.327707105,0.400638795,168.7445985
2020-03,217.37,-1.066093192,0.346115751,162.1791482
2020-05,211.72,-1.484171656,0.221346152,147.0121602
2020-06,211.95,-2.196465454,0.116192431,143.9892438
2020-07,207.72,-0.066321765,0.161815662,148.0423804
2020-08,222.48,2.097061747,0.355216919,152.5876196
2020-09,225.9,-0.780737423,0.269335562,149.3929998
2020-10,228.26,0.65349116,0.372867886,166.6025335
2020-11,221.48,-0.3127796,0.405973377,186.7663875
2020-12,205.8,0.733168332,0.435811545,190.6250376
2021-01,206.11,-0.132670097,0.349328569,199.1844175
2021-02,231.56,1.139748603,0.50590752,231.7544615
2021-03,252.93,0.324880787,0.514911012,245.5540566
2021-04,245.51,-0.183704158,0.512793034,245.7603568
2021-05,255.51,-2.348867899,-0.318361458,268.6224488
2021-06,261.63,0.122697137,-0.415104876,304.2975497
2021-07,265.45,0.354076662,-0.577436032,292.5237268
2021-08,208.57,-1.12644335,-0.598001402,278.4457556
2021-09,206.61,0.874125605,-0.3441707,257.0207554
2021-10,214.54,1.502410611,0.091692688,235.8156036
2021-11,206.64,0.046978746,-0.40325804,239.6024509
2021-12,208.53,-0.013169542,-0.129574833,248.7677461
2022-01,218.78,-1.13299833,-0.273027355,264.5731468
2022-02,278.14,0.6593338,-0.345855527,276.7191782
2022-03,295.48,0.674266936,-0.142859218,292.671593
2022-04,307.31,1.511456356,0.345044657,335.9306842
2022-05,316.1,1.074380425,0.805903096,348.507117
2022-06,333.32,0.009804483,1.095957407,344.9092996
2022-07,331.36,-0.256989151,1.063321237,335.717134
2022-08,285.91,1.865157561,0.981936073,312.682042
2022-09,304.71,-0.223818899,1.065873461,293.9307903
2022-10,305.97,-1.1649982,0.749719151,312.5461279
2022-11,254.89,0.204135684,0.824584516,343.5532833
2022-12,256.3,1.345165615,0.939277822,320.9296829
2023-01,270.41,0.657179556,1.047998893,302.2354051
2023-02,324.21,0.519937167,0.945452719,302.8399884
2023-03,333.38,0.867575348,1.04135441,298.2453034
2023-04,328.58,1.244414112,1.30188598,284.957405
2023-05,326.24,-0.48673755,1.489706234,291.1797449
2023-06,313.54,0.820693262,1.634009737,268.1725264
2023-07,306.94,2.168678171,2.062926465,266.9352396
2023-08,334.08,0.995504823,2.450202233,235.2719473
2023-09,334.35,-0.773268823,2.176915208,207.6758887
2023-10,341.54,0.855593667,2.012587632,223.8476664
2023-11,318.61,-1.465760463,1.844593914,221.9025188
2023-12,336.5,0.42581079,1.907559902,209.0402968
2024-01,318.22,0.23057716,2.051913539,207.3979689
2024-02,234.61,-1.997114058,1.792091132,198.7579285
2024-03,223.71,-1.259131435,1.543729989,188.9477445
2024-04,223.71,1.57135226,1.55757732,190.2272114
2024-05,225.94,0.229083074,1.367583458,190.90005
2024-06,227.74,0.435796821,1.450433249,201.0194705
2024-07,233.73,0.698916191,1.627613684,191.2409429
2024-08,302.38,1.187453735,1.421536263,177.7677084
2024-09,290.92,-0.706919169,1.349557128,169.2967424
2024-10,285.05,-0.399546977,1.45341951,183.6558277
2024-11,284.82,-0.023525689,1.42053885,189.5879059
2024-12,247.9,0.32228677,1.242971111,201.3082702
2025-01,240.07,-1.779174724,0.977316284,202.829961
2025-02,234.98,0.222525975,0.934130149,214.3599268
2025-03,246.32,-0.138752704,0.766388164,221.2545443
2025-04,249.35,0.538991987,0.619901625,207.7516908
2025-05,253.45,0.343833171,0.773675043,215.5690934
2025-06,256.54,-0.193214573,0.560902537,204.8084481
